"url","template","indexable","robots","canonical","in_sitemap"
"https://kindredtrips.com/resort/accra-beach-hotel-and-spa","resort","true","index, follow, max-image-preview:large","https://kindredtrips.com/resort/accra-beach-hotel-and-spa","true"
"https://kindredtrips.com/resort/akumal-bay-beach-and-wellness-resort","resort","true","index, follow, max-image-preview:large","https://kindredtrips.com/resort/akumal-bay-beach-and-wellness-resort","true"
"https://kindredtrips.com/resort/alaia-belize-autograph-collection","resort","true","index, follow, max-image-preview:large","https://kindredtrips.com/resort/alaia-belize-autograph-collection","true"
"https://kindredtrips.com/resort/alexandra-resort-all-inclusive","resort","true","index, follow, max-image-preview:large","https://kindredtrips.com/resort/alexandra-resort-all-inclusive","true"
"https://kindredtrips.com/resort/all-ritmo-cancun-resort-and-waterpark","resort","true","index, follow, max-image-preview:large","https://kindredtrips.com/resort/all-ritmo-cancun-resort-and-waterpark","true"
"https://kindredtrips.com/resort/allegro-cozumel","resort","true","index, follow, max-image-preview:large","https://kindredtrips.com/resort/allegro-cozumel","true"
"https://kindredtrips.com/resort/allegro-playacar","resort","true","index, follow, max-image-preview:large","https://kindredtrips.com/resort/allegro-playacar","true"
"https://kindredtrips.com/resort/almare-a-luxury-collection-adult-all-inclusive-resort-isla-mujeres","resort","false","noindex, follow","https://kindredtrips.com/resort/almare-a-luxury-collection-adult-all-inclusive-resort-isla-mujeres","false"
"https://kindredtrips.com/resort/amanyara","resort","true","index, follow, max-image-preview:large","https://kindredtrips.com/resort/amanyara","true"
"https://kindredtrips.com/resort/ambergris-cay-private-island-all-inclusive","resort","true","index, follow, max-image-preview:large","https://kindredtrips.com/resort/ambergris-cay-private-island-all-inclusive","true"
"https://kindredtrips.com/resort/andaz-peninsula-papagayo-resort-costa-rica","resort","true","index, follow, max-image-preview:large","https://kindredtrips.com/resort/andaz-peninsula-papagayo-resort-costa-rica","true"
"https://kindredtrips.com/resort/anse-chastanet-resort","resort","true","index, follow, max-image-preview:large","https://kindredtrips.com/resort/anse-chastanet-resort","true"
"https://kindredtrips.com/resort/anthony-s-key-resort","resort","true","index, follow, max-image-preview:large","https://kindredtrips.com/resort/anthony-s-key-resort","true"
"https://kindredtrips.com/resort/armar-house-all-inclusive","resort","false","noindex, follow","https://kindredtrips.com/resort/armar-house-all-inclusive","false"
"https://kindredtrips.com/resort/armony-marival-resort-and-spa","resort","false","noindex, follow","https://kindredtrips.com/resort/armony-marival-resort-and-spa","false"
"https://kindredtrips.com/resort/atelier-playa-mujeres","resort","false","noindex, follow","https://kindredtrips.com/resort/atelier-playa-mujeres","false"
"https://kindredtrips.com/resort/ava-resort-cancun","resort","true","index, follow, max-image-preview:large","https://kindredtrips.com/resort/ava-resort-cancun","true"
"https://kindredtrips.com/resort/avila-beach-hotel","resort","true","index, follow, max-image-preview:large","https://kindredtrips.com/resort/avila-beach-hotel","true"
"https://kindredtrips.com/resort/azul-beach-resort-negril-by-karisma","resort","true","index, follow, max-image-preview:large","https://kindredtrips.com/resort/azul-beach-resort-negril-by-karisma","true"
"https://kindredtrips.com/resort/azul-ixtapa-hotels-beach-resort-and-convention-center","resort","true","index, follow, max-image-preview:large","https://kindredtrips.com/resort/azul-ixtapa-hotels-beach-resort-and-convention-center","true"
"https://kindredtrips.com/resort/azulik-tulum","resort","false","noindex, follow","https://kindredtrips.com/resort/azulik-tulum","false"
"https://kindredtrips.com/resort/azura-beach-resort","resort","false","noindex, follow","https://kindredtrips.com/resort/azura-beach-resort","false"
"https://kindredtrips.com/resort/bahia-principe-fantasia-punta-cana","resort","true","index, follow, max-image-preview:large","https://kindredtrips.com/resort/bahia-principe-fantasia-punta-cana","true"
"https://kindredtrips.com/resort/bahia-principe-grand-aquamarine","resort","false","noindex, follow","https://kindredtrips.com/resort/bahia-principe-grand-aquamarine","false"
"https://kindredtrips.com/resort/bahia-principe-grand-bavaro","resort","true","index, follow, max-image-preview:large","https://kindredtrips.com/resort/bahia-principe-grand-bavaro","true"
"https://kindredtrips.com/resort/bahia-principe-grand-coba","resort","true","index, follow, max-image-preview:large","https://kindredtrips.com/resort/bahia-principe-grand-coba","true"
"https://kindredtrips.com/resort/bahia-principe-grand-el-portillo","resort","true","index, follow, max-image-preview:large","https://kindredtrips.com/resort/bahia-principe-grand-el-portillo","true"
"https://kindredtrips.com/resort/bahia-principe-grand-jamaica-dec-1","resort","true","index, follow, max-image-preview:large","https://kindredtrips.com/resort/bahia-principe-grand-jamaica-dec-1","true"
"https://kindredtrips.com/resort/bahia-principe-grand-la-romana","resort","true","index, follow, max-image-preview:large","https://kindredtrips.com/resort/bahia-principe-grand-la-romana","true"
"https://kindredtrips.com/resort/bahia-principe-grand-punta-cana","resort","true","index, follow, max-image-preview:large","https://kindredtrips.com/resort/bahia-principe-grand-punta-cana","true"
"https://kindredtrips.com/resort/bahia-principe-grand-samana","resort","false","noindex, follow","https://kindredtrips.com/resort/bahia-principe-grand-samana","false"
"https://kindredtrips.com/resort/bahia-principe-grand-tequila","resort","false","noindex, follow","https://kindredtrips.com/resort/bahia-principe-grand-tequila","false"
"https://kindredtrips.com/resort/bahia-principe-grand-tulum","resort","true","index, follow, max-image-preview:large","https://kindredtrips.com/resort/bahia-principe-grand-tulum","true"
"https://kindredtrips.com/resort/bahia-principe-grand-turquesa","resort","true","index, follow, max-image-preview:large","https://kindredtrips.com/resort/bahia-principe-grand-turquesa","true"
"https://kindredtrips.com/resort/bahia-principe-luxury-akumal","resort","true","index, follow, max-image-preview:large","https://kindredtrips.com/resort/bahia-principe-luxury-akumal","true"
"https://kindredtrips.com/resort/bahia-principe-luxury-ambar-adults-only-all-inclusive","resort","false","noindex, follow","https://kindredtrips.com/resort/bahia-principe-luxury-ambar-adults-only-all-inclusive","false"
"https://kindredtrips.com/resort/bahia-principe-luxury-bouganville","resort","false","noindex, follow","https://kindredtrips.com/resort/bahia-principe-luxury-bouganville","false"
"https://kindredtrips.com/resort/bahia-principe-luxury-esmeralda-all-inclusive","resort","true","index, follow, max-image-preview:large","https://kindredtrips.com/resort/bahia-principe-luxury-esmeralda-all-inclusive","true"
"https://kindredtrips.com/resort/bahia-principe-luxury-runaway-bay-indefinitely","resort","false","noindex, follow","https://kindredtrips.com/resort/bahia-principe-luxury-runaway-bay-indefinitely","false"
"https://kindredtrips.com/resort/bahia-principe-luxury-sian-ka-an","resort","false","noindex, follow","https://kindredtrips.com/resort/bahia-principe-luxury-sian-ka-an","false"
"https://kindredtrips.com/resort/bakour-punta-cana-suites","resort","true","index, follow, max-image-preview:large","https://kindredtrips.com/resort/bakour-punta-cana-suites","true"
"https://kindredtrips.com/resort/baoase-luxury-resort","resort","true","index, follow, max-image-preview:large","https://kindredtrips.com/resort/baoase-luxury-resort","true"
"https://kindredtrips.com/resort/barbados-beach-club","resort","true","index, follow, max-image-preview:large","https://kindredtrips.com/resort/barbados-beach-club","true"
"https://kindredtrips.com/resort/barcelo-aruba","resort","true","index, follow, max-image-preview:large","https://kindredtrips.com/resort/barcelo-aruba","true"
"https://kindredtrips.com/resort/barcelo-bavaro-beach","resort","false","noindex, follow","https://kindredtrips.com/resort/barcelo-bavaro-beach","false"
"https://kindredtrips.com/resort/barcelo-bavaro-palace","resort","true","index, follow, max-image-preview:large","https://kindredtrips.com/resort/barcelo-bavaro-palace","true"
"https://kindredtrips.com/resort/barcelo-huatulco","resort","true","index, follow, max-image-preview:large","https://kindredtrips.com/resort/barcelo-huatulco","true"
"https://kindredtrips.com/resort/barcelo-ixtapa","resort","true","index, follow, max-image-preview:large","https://kindredtrips.com/resort/barcelo-ixtapa","true"
"https://kindredtrips.com/resort/barcelo-karmina","resort","true","index, follow, max-image-preview:large","https://kindredtrips.com/resort/barcelo-karmina","true"
"https://kindredtrips.com/resort/barcelo-maya-caribe","resort","true","index, follow, max-image-preview:large","https://kindredtrips.com/resort/barcelo-maya-caribe","true"
"https://kindredtrips.com/resort/barcelo-maya-colonial-all-inclusive","resort","true","index, follow, max-image-preview:large","https://kindredtrips.com/resort/barcelo-maya-colonial-all-inclusive","true"
"https://kindredtrips.com/resort/barcelo-maya-palace","resort","true","index, follow, max-image-preview:large","https://kindredtrips.com/resort/barcelo-maya-palace","true"
"https://kindredtrips.com/resort/barcelo-maya-riviera","resort","false","noindex, follow","https://kindredtrips.com/resort/barcelo-maya-riviera","false"
"https://kindredtrips.com/resort/barcelo-maya-tropical","resort","true","index, follow, max-image-preview:large","https://kindredtrips.com/resort/barcelo-maya-tropical","true"
"https://kindredtrips.com/resort/barcelo-montelimar","resort","true","index, follow, max-image-preview:large","https://kindredtrips.com/resort/barcelo-montelimar","true"
"https://kindredtrips.com/resort/barcelo-puerto-vallarta","resort","true","index, follow, max-image-preview:large","https://kindredtrips.com/resort/barcelo-puerto-vallarta","true"
"https://kindredtrips.com/resort/barcelo-tambor-all-inclusive","resort","true","index, follow, max-image-preview:large","https://kindredtrips.com/resort/barcelo-tambor-all-inclusive","true"
"https://kindredtrips.com/resort/bay-gardens-beach-resort","resort","true","index, follow, max-image-preview:large","https://kindredtrips.com/resort/bay-gardens-beach-resort","true"
"https://kindredtrips.com/resort/bay-gardens-marina-haven-hotel","resort","true","index, follow, max-image-preview:large","https://kindredtrips.com/resort/bay-gardens-marina-haven-hotel","true"
"https://kindredtrips.com/resort/be-live-collection-canoa","resort","false","noindex, follow","https://kindredtrips.com/resort/be-live-collection-canoa","false"
"https://kindredtrips.com/resort/be-live-collection-punta-cana","resort","false","noindex, follow","https://kindredtrips.com/resort/be-live-collection-punta-cana","false"
"https://kindredtrips.com/resort/be-live-experience-hamaca-garden","resort","true","index, follow, max-image-preview:large","https://kindredtrips.com/resort/be-live-experience-hamaca-garden","true"
"https://kindredtrips.com/resort/beach-house-turks-and-caicos","resort","false","noindex, follow","https://kindredtrips.com/resort/beach-house-turks-and-caicos","false"
"https://kindredtrips.com/resort/beach-palace-all-inclusive","resort","true","index, follow, max-image-preview:large","https://kindredtrips.com/resort/beach-palace-all-inclusive","true"
"https://kindredtrips.com/resort/beaches-exuma","resort","true","index, follow, max-image-preview:large","https://kindredtrips.com/resort/beaches-exuma","true"
"https://kindredtrips.com/resort/beaches-ocho-rios","resort","true","index, follow, max-image-preview:large","https://kindredtrips.com/resort/beaches-ocho-rios","true"
"https://kindredtrips.com/resort/beaches-runaway-bay","resort","true","index, follow, max-image-preview:large","https://kindredtrips.com/resort/beaches-runaway-bay","true"
"https://kindredtrips.com/resort/beaches-saint-vincent","resort","true","index, follow, max-image-preview:large","https://kindredtrips.com/resort/beaches-saint-vincent","true"
"https://kindredtrips.com/resort/beaches-turks-and-caicos","resort","true","index, follow, max-image-preview:large","https://kindredtrips.com/resort/beaches-turks-and-caicos","true"
"https://kindredtrips.com/resort/bel-air-collection-resort-and-spa-riviera-maya","resort","true","index, follow, max-image-preview:large","https://kindredtrips.com/resort/bel-air-collection-resort-and-spa-riviera-maya","true"
"https://kindredtrips.com/resort/bel-jou-hotel-st-lucia","resort","false","noindex, follow","https://kindredtrips.com/resort/bel-jou-hotel-st-lucia","false"
"https://kindredtrips.com/resort/belizean-dreams-resort","resort","true","index, follow, max-image-preview:large","https://kindredtrips.com/resort/belizean-dreams-resort","true"
"https://kindredtrips.com/resort/beloved-playa-mujeres","resort","false","noindex, follow","https://kindredtrips.com/resort/beloved-playa-mujeres","false"
"https://kindredtrips.com/resort/binniguenda-huatulco","resort","true","index, follow, max-image-preview:large","https://kindredtrips.com/resort/binniguenda-huatulco","true"
"https://kindredtrips.com/resort/blue-diamond-luxury-boutique-hotel","resort","false","noindex, follow","https://kindredtrips.com/resort/blue-diamond-luxury-boutique-hotel","false"
"https://kindredtrips.com/resort/blue-haven-resort","resort","true","index, follow, max-image-preview:large","https://kindredtrips.com/resort/blue-haven-resort","true"
"https://kindredtrips.com/resort/blue-waters-resort-and-spa-antigua","resort","true","index, follow, max-image-preview:large","https://kindredtrips.com/resort/blue-waters-resort-and-spa-antigua","true"
"https://kindredtrips.com/resort/bluebay-grand-esmeralda","resort","true","index, follow, max-image-preview:large","https://kindredtrips.com/resort/bluebay-grand-esmeralda","true"
"https://kindredtrips.com/resort/bluebay-villas-doradas","resort","false","noindex, follow","https://kindredtrips.com/resort/bluebay-villas-doradas","false"
"https://kindredtrips.com/resort/bluefields-bay-villas-and-suites","resort","true","index, follow, max-image-preview:large","https://kindredtrips.com/resort/bluefields-bay-villas-and-suites","true"
"https://kindredtrips.com/resort/bodyholiday-saint-lucia","resort","false","noindex, follow","https://kindredtrips.com/resort/bodyholiday-saint-lucia","false"
"https://kindredtrips.com/resort/bolongo-bay-beach-resort","resort","true","index, follow, max-image-preview:large","https://kindredtrips.com/resort/bolongo-bay-beach-resort","true"
"https://kindredtrips.com/resort/breathless-cabo-san-lucas-resort-and-spa","resort","false","noindex, follow","https://kindredtrips.com/resort/breathless-cabo-san-lucas-resort-and-spa","false"
"https://kindredtrips.com/resort/breathless-cancun-soul-resort-and-spa","resort","false","noindex, follow","https://kindredtrips.com/resort/breathless-cancun-soul-resort-and-spa","false"
"https://kindredtrips.com/resort/breathless-montego-bay-resort-and-spa-nov-1","resort","false","noindex, follow","https://kindredtrips.com/resort/breathless-montego-bay-resort-and-spa-nov-1","false"
"https://kindredtrips.com/resort/breathless-puerto-vallarta-resort-and-spa","resort","false","noindex, follow","https://kindredtrips.com/resort/breathless-puerto-vallarta-resort-and-spa","false"
"https://kindredtrips.com/resort/breathless-punta-cana-resort-and-spa","resort","false","noindex, follow","https://kindredtrips.com/resort/breathless-punta-cana-resort-and-spa","false"
"https://kindredtrips.com/resort/breezes-bahamas-resort-and-spa","resort","true","index, follow, max-image-preview:large","https://kindredtrips.com/resort/breezes-bahamas-resort-and-spa","true"
"https://kindredtrips.com/resort/calabash-cove-resort-and-spa","resort","false","noindex, follow","https://kindredtrips.com/resort/calabash-cove-resort-and-spa","false"
"https://kindredtrips.com/resort/calabash-hotel","resort","false","noindex, follow","https://kindredtrips.com/resort/calabash-hotel","false"
"https://kindredtrips.com/resort/cancun-bay-resort-all-inclusive","resort","true","index, follow, max-image-preview:large","https://kindredtrips.com/resort/cancun-bay-resort-all-inclusive","true"
"https://kindredtrips.com/resort/canto-del-sol-puerto-vallarta","resort","true","index, follow, max-image-preview:large","https://kindredtrips.com/resort/canto-del-sol-puerto-vallarta","true"
"https://kindredtrips.com/resort/caribe-deluxe-princess","resort","true","index, follow, max-image-preview:large","https://kindredtrips.com/resort/caribe-deluxe-princess","true"
"https://kindredtrips.com/resort/carlisle-bay-antigua","resort","true","index, follow, max-image-preview:large","https://kindredtrips.com/resort/carlisle-bay-antigua","true"
"https://kindredtrips.com/resort/casa-de-campo-resort-and-villas","resort","true","index, follow, max-image-preview:large","https://kindredtrips.com/resort/casa-de-campo-resort-and-villas","true"
"https://kindredtrips.com/resort/casa-dorada-los-cabos-resort-and-spa","resort","true","index, follow, max-image-preview:large","https://kindredtrips.com/resort/casa-dorada-los-cabos-resort-and-spa","true"
"https://kindredtrips.com/resort/casa-margarita-hotel-boutique","resort","true","index, follow, max-image-preview:large","https://kindredtrips.com/resort/casa-margarita-hotel-boutique","true"
"https://kindredtrips.com/resort/casa-marina-beach-and-reef","resort","true","index, follow, max-image-preview:large","https://kindredtrips.com/resort/casa-marina-beach-and-reef","true"
"https://kindredtrips.com/resort/casa-velas","resort","false","noindex, follow","https://kindredtrips.com/resort/casa-velas","false"
"https://kindredtrips.com/resort/catalonia-bavaro-cana-golf-and-casino-resort","resort","true","index, follow, max-image-preview:large","https://kindredtrips.com/resort/catalonia-bavaro-cana-golf-and-casino-resort","true"
"https://kindredtrips.com/resort/catalonia-bayahibe","resort","true","index, follow, max-image-preview:large","https://kindredtrips.com/resort/catalonia-bayahibe","true"
"https://kindredtrips.com/resort/catalonia-grand-costa-mujeres-all-suites-and-spa","resort","true","index, follow, max-image-preview:large","https://kindredtrips.com/resort/catalonia-grand-costa-mujeres-all-suites-and-spa","true"
"https://kindredtrips.com/resort/catalonia-montego-bay-all-inclusive-jul-1","resort","true","index, follow, max-image-preview:large","https://kindredtrips.com/resort/catalonia-montego-bay-all-inclusive-jul-1","true"
"https://kindredtrips.com/resort/catalonia-playa-maroma","resort","true","index, follow, max-image-preview:large","https://kindredtrips.com/resort/catalonia-playa-maroma","true"
"https://kindredtrips.com/resort/catalonia-riviera-maya","resort","true","index, follow, max-image-preview:large","https://kindredtrips.com/resort/catalonia-riviera-maya","true"
"https://kindredtrips.com/resort/catalonia-royal-bavaro","resort","false","noindex, follow","https://kindredtrips.com/resort/catalonia-royal-bavaro","false"
"https://kindredtrips.com/resort/catalonia-royal-la-romana-adults-only","resort","false","noindex, follow","https://kindredtrips.com/resort/catalonia-royal-la-romana-adults-only","false"
"https://kindredtrips.com/resort/catalonia-royal-tulum","resort","false","noindex, follow","https://kindredtrips.com/resort/catalonia-royal-tulum","false"
"https://kindredtrips.com/resort/catalonia-yucatan-beach","resort","true","index, follow, max-image-preview:large","https://kindredtrips.com/resort/catalonia-yucatan-beach","true"
"https://kindredtrips.com/resort/cayo-levantado-resort","resort","true","index, follow, max-image-preview:large","https://kindredtrips.com/resort/cayo-levantado-resort","true"
"https://kindredtrips.com/resort/cc-beach-front-papagayo","resort","true","index, follow, max-image-preview:large","https://kindredtrips.com/resort/cc-beach-front-papagayo","true"
"https://kindredtrips.com/resort/charela-inn","resort","true","index, follow, max-image-preview:large","https://kindredtrips.com/resort/charela-inn","true"
"https://kindredtrips.com/resort/club-ambiance","resort","false","noindex, follow","https://kindredtrips.com/resort/club-ambiance","false"
"https://kindredtrips.com/resort/club-med-cancun","resort","true","index, follow, max-image-preview:large","https://kindredtrips.com/resort/club-med-cancun","true"
"https://kindredtrips.com/resort/club-med-columbus-bahamas","resort","true","index, follow, max-image-preview:large","https://kindredtrips.com/resort/club-med-columbus-bahamas","true"
"https://kindredtrips.com/resort/club-med-ixtapa-pacific","resort","true","index, follow, max-image-preview:large","https://kindredtrips.com/resort/club-med-ixtapa-pacific","true"
"https://kindredtrips.com/resort/club-med-les-boucaniers-martinique","resort","true","index, follow, max-image-preview:large","https://kindredtrips.com/resort/club-med-les-boucaniers-martinique","true"
"https://kindredtrips.com/resort/club-med-miches-playa-esmeralda-dominican-republic","resort","true","index, follow, max-image-preview:large","https://kindredtrips.com/resort/club-med-miches-playa-esmeralda-dominican-republic","true"
"https://kindredtrips.com/resort/club-med-turkoise-turks-and-caicos","resort","false","noindex, follow","https://kindredtrips.com/resort/club-med-turkoise-turks-and-caicos","false"
"https://kindredtrips.com/resort/coco-palm","resort","true","index, follow, max-image-preview:large","https://kindredtrips.com/resort/coco-palm","true"
"https://kindredtrips.com/resort/coco-plum-island-resort","resort","false","noindex, follow","https://kindredtrips.com/resort/coco-plum-island-resort","false"
"https://kindredtrips.com/resort/cocobay-resort","resort","false","noindex, follow","https://kindredtrips.com/resort/cocobay-resort","false"
"https://kindredtrips.com/resort/coconut-bay-beach-resort-and-spa","resort","true","index, follow, max-image-preview:large","https://kindredtrips.com/resort/coconut-bay-beach-resort-and-spa","true"
"https://kindredtrips.com/resort/cocos-hotel-antigua","resort","false","noindex, follow","https://kindredtrips.com/resort/cocos-hotel-antigua","false"
"https://kindredtrips.com/resort/cofresi-palm-beach-and-spa-resort","resort","true","index, follow, max-image-preview:large","https://kindredtrips.com/resort/cofresi-palm-beach-and-spa-resort","true"
"https://kindredtrips.com/resort/conrad-tulum-riviera-maya","resort","true","index, follow, max-image-preview:large","https://kindredtrips.com/resort/conrad-tulum-riviera-maya","true"
"https://kindredtrips.com/resort/coral-costa-caribe-beach-resort","resort","true","index, follow, max-image-preview:large","https://kindredtrips.com/resort/coral-costa-caribe-beach-resort","true"
"https://kindredtrips.com/resort/costa-de-oro-beach-hotel","resort","true","index, follow, max-image-preview:large","https://kindredtrips.com/resort/costa-de-oro-beach-hotel","true"
"https://kindredtrips.com/resort/costa-sur-resort-and-spa","resort","true","index, follow, max-image-preview:large","https://kindredtrips.com/resort/costa-sur-resort-and-spa","true"
"https://kindredtrips.com/resort/couples-resorts-negril","resort","false","noindex, follow","https://kindredtrips.com/resort/couples-resorts-negril","false"
"https://kindredtrips.com/resort/couples-sans-souci","resort","false","noindex, follow","https://kindredtrips.com/resort/couples-sans-souci","false"
"https://kindredtrips.com/resort/couples-swept-away","resort","false","noindex, follow","https://kindredtrips.com/resort/couples-swept-away","false"
"https://kindredtrips.com/resort/couples-tower-isle","resort","false","noindex, follow","https://kindredtrips.com/resort/couples-tower-isle","false"
"https://kindredtrips.com/resort/cozumel-hotel-and-resort-trademark-collection-by-wyndham","resort","true","index, follow, max-image-preview:large","https://kindredtrips.com/resort/cozumel-hotel-and-resort-trademark-collection-by-wyndham","true"
"https://kindredtrips.com/resort/cozumel-palace","resort","true","index, follow, max-image-preview:large","https://kindredtrips.com/resort/cozumel-palace","true"
"https://kindredtrips.com/resort/crown-paradise-club-cancun","resort","true","index, follow, max-image-preview:large","https://kindredtrips.com/resort/crown-paradise-club-cancun","true"
"https://kindredtrips.com/resort/crown-paradise-golden-puerto-vallarta","resort","false","noindex, follow","https://kindredtrips.com/resort/crown-paradise-golden-puerto-vallarta","false"
"https://kindredtrips.com/resort/crown-suites-at-lifestyle-holidays-vacation-resort","resort","false","noindex, follow","https://kindredtrips.com/resort/crown-suites-at-lifestyle-holidays-vacation-resort","false"
"https://kindredtrips.com/resort/crystal-cove-by-elegant-hotels","resort","true","index, follow, max-image-preview:large","https://kindredtrips.com/resort/crystal-cove-by-elegant-hotels","true"
"https://kindredtrips.com/resort/curtain-bluff","resort","true","index, follow, max-image-preview:large","https://kindredtrips.com/resort/curtain-bluff","true"
"https://kindredtrips.com/resort/decameron-aquarium","resort","true","index, follow, max-image-preview:large","https://kindredtrips.com/resort/decameron-aquarium","true"
"https://kindredtrips.com/resort/decameron-baru","resort","true","index, follow, max-image-preview:large","https://kindredtrips.com/resort/decameron-baru","true"
"https://kindredtrips.com/resort/decameron-cartagena","resort","true","index, follow, max-image-preview:large","https://kindredtrips.com/resort/decameron-cartagena","true"
"https://kindredtrips.com/resort/decameron-galeon","resort","true","index, follow, max-image-preview:large","https://kindredtrips.com/resort/decameron-galeon","true"
"https://kindredtrips.com/resort/decameron-isla-coral-guayabitos-ramada-all-inclusive-resort","resort","true","index, follow, max-image-preview:large","https://kindredtrips.com/resort/decameron-isla-coral-guayabitos-ramada-all-inclusive-resort","true"
"https://kindredtrips.com/resort/decameron-isleno","resort","true","index, follow, max-image-preview:large","https://kindredtrips.com/resort/decameron-isleno","true"
"https://kindredtrips.com/resort/decameron-la-marina-guayabitos-ramada-all-inclusive-resort","resort","true","index, follow, max-image-preview:large","https://kindredtrips.com/resort/decameron-la-marina-guayabitos-ramada-all-inclusive-resort","true"
"https://kindredtrips.com/resort/decameron-las-heliconias","resort","true","index, follow, max-image-preview:large","https://kindredtrips.com/resort/decameron-las-heliconias","true"
"https://kindredtrips.com/resort/decameron-los-cocos-guayabitos-ramada-all-inclusive-resort","resort","true","index, follow, max-image-preview:large","https://kindredtrips.com/resort/decameron-los-cocos-guayabitos-ramada-all-inclusive-resort","true"
"https://kindredtrips.com/resort/decameron-los-delfines","resort","true","index, follow, max-image-preview:large","https://kindredtrips.com/resort/decameron-los-delfines","true"
"https://kindredtrips.com/resort/decameron-marazul","resort","true","index, follow, max-image-preview:large","https://kindredtrips.com/resort/decameron-marazul","true"
"https://kindredtrips.com/resort/decameron-maryland","resort","true","index, follow, max-image-preview:large","https://kindredtrips.com/resort/decameron-maryland","true"
"https://kindredtrips.com/resort/decameron-panaca-all-inclusive","resort","true","index, follow, max-image-preview:large","https://kindredtrips.com/resort/decameron-panaca-all-inclusive","true"
"https://kindredtrips.com/resort/deja-resort","resort","true","index, follow, max-image-preview:large","https://kindredtrips.com/resort/deja-resort","true"
"https://kindredtrips.com/resort/del-mar-by-joy-resorts","resort","true","index, follow, max-image-preview:large","https://kindredtrips.com/resort/del-mar-by-joy-resorts","true"
"https://kindredtrips.com/resort/delta-hotels-by-marriott-riviera-nayarit-an-all-inclusive-resort","resort","true","index, follow, max-image-preview:large","https://kindredtrips.com/resort/delta-hotels-by-marriott-riviera-nayarit-an-all-inclusive-resort","true"
"https://kindredtrips.com/resort/desire-pearl-riviera-maya-resort","resort","false","noindex, follow","https://kindredtrips.com/resort/desire-pearl-riviera-maya-resort","false"
"https://kindredtrips.com/resort/desire-riviera-maya-resort","resort","false","noindex, follow","https://kindredtrips.com/resort/desire-riviera-maya-resort","false"
"https://kindredtrips.com/resort/devossion-by-live-aqua-playa-del-carmen","resort","false","noindex, follow","https://kindredtrips.com/resort/devossion-by-live-aqua-playa-del-carmen","false"
"https://kindredtrips.com/resort/divi-aruba","resort","true","index, follow, max-image-preview:large","https://kindredtrips.com/resort/divi-aruba","true"
"https://kindredtrips.com/resort/divi-carina-bay-beach-resort-and-casino","resort","false","noindex, follow","https://kindredtrips.com/resort/divi-carina-bay-beach-resort-and-casino","false"
"https://kindredtrips.com/resort/divi-dutch-village-beach-resort","resort","true","index, follow, max-image-preview:large","https://kindredtrips.com/resort/divi-dutch-village-beach-resort","true"
"https://kindredtrips.com/resort/divi-flamingo-beach-resort-and-casino","resort","true","index, follow, max-image-preview:large","https://kindredtrips.com/resort/divi-flamingo-beach-resort-and-casino","true"
"https://kindredtrips.com/resort/divi-little-bay-beach-resort","resort","true","index, follow, max-image-preview:large","https://kindredtrips.com/resort/divi-little-bay-beach-resort","true"
"https://kindredtrips.com/resort/divi-village-golf-and-beach-resort","resort","true","index, follow, max-image-preview:large","https://kindredtrips.com/resort/divi-village-golf-and-beach-resort","true"
"https://kindredtrips.com/resort/drake-bay-getaway-resort-by-sandglass","resort","true","index, follow, max-image-preview:large","https://kindredtrips.com/resort/drake-bay-getaway-resort-by-sandglass","true"
"https://kindredtrips.com/resort/dreams-acapulco-resort-and-spa","resort","true","index, follow, max-image-preview:large","https://kindredtrips.com/resort/dreams-acapulco-resort-and-spa","true"
"https://kindredtrips.com/resort/dreams-aventuras-riviera-maya","resort","true","index, follow, max-image-preview:large","https://kindredtrips.com/resort/dreams-aventuras-riviera-maya","true"
"https://kindredtrips.com/resort/dreams-bahia-mita-surf-and-spa-resort","resort","true","index, follow, max-image-preview:large","https://kindredtrips.com/resort/dreams-bahia-mita-surf-and-spa-resort","true"
"https://kindredtrips.com/resort/dreams-cap-cana-resort-and-spa","resort","true","index, follow, max-image-preview:large","https://kindredtrips.com/resort/dreams-cap-cana-resort-and-spa","true"
"https://kindredtrips.com/resort/dreams-cozumel-cape-resort-and-spa","resort","true","index, follow, max-image-preview:large","https://kindredtrips.com/resort/dreams-cozumel-cape-resort-and-spa","true"
"https://kindredtrips.com/resort/dreams-curacao-resort-spa-and-casino","resort","true","index, follow, max-image-preview:large","https://kindredtrips.com/resort/dreams-curacao-resort-spa-and-casino","true"
"https://kindredtrips.com/resort/dreams-dominicus-la-romana","resort","true","index, follow, max-image-preview:large","https://kindredtrips.com/resort/dreams-dominicus-la-romana","true"
"https://kindredtrips.com/resort/dreams-estrella-del-mar-mazatlan-golf-and-spa-resort","resort","true","index, follow, max-image-preview:large","https://kindredtrips.com/resort/dreams-estrella-del-mar-mazatlan-golf-and-spa-resort","true"
"https://kindredtrips.com/resort/dreams-flora-resort-and-spa","resort","true","index, follow, max-image-preview:large","https://kindredtrips.com/resort/dreams-flora-resort-and-spa","true"
"https://kindredtrips.com/resort/dreams-huatulco-resort-and-spa","resort","true","index, follow, max-image-preview:large","https://kindredtrips.com/resort/dreams-huatulco-resort-and-spa","true"
"https://kindredtrips.com/resort/dreams-jade-resort-and-spa","resort","true","index, follow, max-image-preview:large","https://kindredtrips.com/resort/dreams-jade-resort-and-spa","true"
"https://kindredtrips.com/resort/dreams-karibana-cartagena-golf-and-spa-resort","resort","true","index, follow, max-image-preview:large","https://kindredtrips.com/resort/dreams-karibana-cartagena-golf-and-spa-resort","true"
"https://kindredtrips.com/resort/dreams-la-romana-resort-and-spa","resort","true","index, follow, max-image-preview:large","https://kindredtrips.com/resort/dreams-la-romana-resort-and-spa","true"
"https://kindredtrips.com/resort/dreams-las-mareas-costa-rica","resort","true","index, follow, max-image-preview:large","https://kindredtrips.com/resort/dreams-las-mareas-costa-rica","true"
"https://kindredtrips.com/resort/dreams-los-cabos-suites-golf-resort-and-spa","resort","true","index, follow, max-image-preview:large","https://kindredtrips.com/resort/dreams-los-cabos-suites-golf-resort-and-spa","true"
"https://kindredtrips.com/resort/dreams-macao-beach-punta-cana","resort","true","index, follow, max-image-preview:large","https://kindredtrips.com/resort/dreams-macao-beach-punta-cana","true"
"https://kindredtrips.com/resort/dreams-natura-resort-and-spa","resort","true","index, follow, max-image-preview:large","https://kindredtrips.com/resort/dreams-natura-resort-and-spa","true"
"https://kindredtrips.com/resort/dreams-onyx-resort-and-spa","resort","true","index, follow, max-image-preview:large","https://kindredtrips.com/resort/dreams-onyx-resort-and-spa","true"
"https://kindredtrips.com/resort/dreams-playa-bonita-panama","resort","true","index, follow, max-image-preview:large","https://kindredtrips.com/resort/dreams-playa-bonita-panama","true"
"https://kindredtrips.com/resort/dreams-playa-esmeralda-resort-and-spa","resort","true","index, follow, max-image-preview:large","https://kindredtrips.com/resort/dreams-playa-esmeralda-resort-and-spa","true"
"https://kindredtrips.com/resort/dreams-playa-mujeres-golf-and-spa-resort","resort","true","index, follow, max-image-preview:large","https://kindredtrips.com/resort/dreams-playa-mujeres-golf-and-spa-resort","true"
"https://kindredtrips.com/resort/dreams-puerto-morelos-resort-and-spa","resort","true","index, follow, max-image-preview:large","https://kindredtrips.com/resort/dreams-puerto-morelos-resort-and-spa","true"
"https://kindredtrips.com/resort/dreams-riviera-cancun-resort-and-spa","resort","true","index, follow, max-image-preview:large","https://kindredtrips.com/resort/dreams-riviera-cancun-resort-and-spa","true"
"https://kindredtrips.com/resort/dreams-rose-hall-resort-and-spa-nov-1","resort","true","index, follow, max-image-preview:large","https://kindredtrips.com/resort/dreams-rose-hall-resort-and-spa-nov-1","true"
"https://kindredtrips.com/resort/dreams-royal-beach-punta-cana","resort","true","index, follow, max-image-preview:large","https://kindredtrips.com/resort/dreams-royal-beach-punta-cana","true"
"https://kindredtrips.com/resort/dreams-sands-cancun-resort-and-spa","resort","true","index, follow, max-image-preview:large","https://kindredtrips.com/resort/dreams-sands-cancun-resort-and-spa","true"
"https://kindredtrips.com/resort/dreams-sapphire-resort-and-spa","resort","true","index, follow, max-image-preview:large","https://kindredtrips.com/resort/dreams-sapphire-resort-and-spa","true"
"https://kindredtrips.com/resort/dreams-tulum-resort-and-spa","resort","true","index, follow, max-image-preview:large","https://kindredtrips.com/resort/dreams-tulum-resort-and-spa","true"
"https://kindredtrips.com/resort/dreams-vallarta-bay-resort-and-spa","resort","true","index, follow, max-image-preview:large","https://kindredtrips.com/resort/dreams-vallarta-bay-resort-and-spa","true"
"https://kindredtrips.com/resort/dreams-vista-cancun-golf-and-spa-resort","resort","true","index, follow, max-image-preview:large","https://kindredtrips.com/resort/dreams-vista-cancun-golf-and-spa-resort","true"
"https://kindredtrips.com/resort/east-winds-saint-lucia","resort","true","index, follow, max-image-preview:large","https://kindredtrips.com/resort/east-winds-saint-lucia","true"
"https://kindredtrips.com/resort/eden-roc-cap-cana","resort","true","index, follow, max-image-preview:large","https://kindredtrips.com/resort/eden-roc-cap-cana","true"
"https://kindredtrips.com/resort/el-beso-adults-only-at-ocean-el-faro-all-inclusive","resort","false","noindex, follow","https://kindredtrips.com/resort/el-beso-adults-only-at-ocean-el-faro-all-inclusive","false"
"https://kindredtrips.com/resort/el-cid-el-moro-beach-hotel","resort","true","index, follow, max-image-preview:large","https://kindredtrips.com/resort/el-cid-el-moro-beach-hotel","true"
"https://kindredtrips.com/resort/el-cid-granada-hotel","resort","true","index, follow, max-image-preview:large","https://kindredtrips.com/resort/el-cid-granada-hotel","true"
"https://kindredtrips.com/resort/el-dorado-casitas-royale-by-karisma","resort","false","noindex, follow","https://kindredtrips.com/resort/el-dorado-casitas-royale-by-karisma","false"
"https://kindredtrips.com/resort/el-dorado-royale","resort","false","noindex, follow","https://kindredtrips.com/resort/el-dorado-royale","false"
"https://kindredtrips.com/resort/el-dorado-seaside-palms","resort","false","noindex, follow","https://kindredtrips.com/resort/el-dorado-seaside-palms","false"
"https://kindredtrips.com/resort/el-dorado-seaside-suites","resort","false","noindex, follow","https://kindredtrips.com/resort/el-dorado-seaside-suites","false"
"https://kindredtrips.com/resort/el-mangroove-autograph-collection","resort","true","index, follow, max-image-preview:large","https://kindredtrips.com/resort/el-mangroove-autograph-collection","true"
"https://kindredtrips.com/resort/emerald-estates-luxury-villas","resort","true","index, follow, max-image-preview:large","https://kindredtrips.com/resort/emerald-estates-luxury-villas","true"
"https://kindredtrips.com/resort/emotions-all-inclusive-juan-dolio-ascend-hotel-collection","resort","true","index, follow, max-image-preview:large","https://kindredtrips.com/resort/emotions-all-inclusive-juan-dolio-ascend-hotel-collection","true"
"https://kindredtrips.com/resort/emotions-all-inclusive-puerto-plata-ascend-hotel-collection","resort","true","index, follow, max-image-preview:large","https://kindredtrips.com/resort/emotions-all-inclusive-puerto-plata-ascend-hotel-collection","true"
"https://kindredtrips.com/resort/emporio-cancun","resort","true","index, follow, max-image-preview:large","https://kindredtrips.com/resort/emporio-cancun","true"
"https://kindredtrips.com/resort/emporio-ixtapa","resort","true","index, follow, max-image-preview:large","https://kindredtrips.com/resort/emporio-ixtapa","true"
"https://kindredtrips.com/resort/envy-vacations","resort","true","index, follow, max-image-preview:large","https://kindredtrips.com/resort/envy-vacations","true"
"https://kindredtrips.com/resort/escape-at-nonsuch-bay-antigua-adults-only-all-inclusive","resort","false","noindex, follow","https://kindredtrips.com/resort/escape-at-nonsuch-bay-antigua-adults-only-all-inclusive","false"
"https://kindredtrips.com/resort/excellence-coral-playa-mujeres","resort","false","noindex, follow","https://kindredtrips.com/resort/excellence-coral-playa-mujeres","false"
"https://kindredtrips.com/resort/excellence-el-carmen","resort","false","noindex, follow","https://kindredtrips.com/resort/excellence-el-carmen","false"
"https://kindredtrips.com/resort/excellence-oyster-bay","resort","false","noindex, follow","https://kindredtrips.com/resort/excellence-oyster-bay","false"
"https://kindredtrips.com/resort/excellence-playa-mujeres","resort","false","noindex, follow","https://kindredtrips.com/resort/excellence-playa-mujeres","false"
"https://kindredtrips.com/resort/excellence-punta-cana","resort","false","noindex, follow","https://kindredtrips.com/resort/excellence-punta-cana","false"
"https://kindredtrips.com/resort/excellence-riviera-cancun","resort","false","noindex, follow","https://kindredtrips.com/resort/excellence-riviera-cancun","false"
"https://kindredtrips.com/resort/fairmont-heritage-place-mayakoba","resort","true","index, follow, max-image-preview:large","https://kindredtrips.com/resort/fairmont-heritage-place-mayakoba","true"
"https://kindredtrips.com/resort/fairmont-mayakoba","resort","true","index, follow, max-image-preview:large","https://kindredtrips.com/resort/fairmont-mayakoba","true"
"https://kindredtrips.com/resort/fantasy-island-beach-resort-dive-and-marina","resort","true","index, follow, max-image-preview:large","https://kindredtrips.com/resort/fantasy-island-beach-resort-dive-and-marina","true"
"https://kindredtrips.com/resort/fiesta-americana-condesa-cancun-all-inclusive","resort","true","index, follow, max-image-preview:large","https://kindredtrips.com/resort/fiesta-americana-condesa-cancun-all-inclusive","true"
"https://kindredtrips.com/resort/fiesta-americana-cozumel-all-inclusive","resort","true","index, follow, max-image-preview:large","https://kindredtrips.com/resort/fiesta-americana-cozumel-all-inclusive","true"
"https://kindredtrips.com/resort/fiesta-americana-puerto-vallarta-all-inclusive-and-spa","resort","true","index, follow, max-image-preview:large","https://kindredtrips.com/resort/fiesta-americana-puerto-vallarta-all-inclusive-and-spa","true"
"https://kindredtrips.com/resort/fiesta-americana-riviera-nayarit","resort","true","index, follow, max-image-preview:large","https://kindredtrips.com/resort/fiesta-americana-riviera-nayarit","true"
"https://kindredtrips.com/resort/finest-playa-mujeres","resort","true","index, follow, max-image-preview:large","https://kindredtrips.com/resort/finest-playa-mujeres","true"
"https://kindredtrips.com/resort/finest-punta-cana-by-the-excellence-collection-all-inclusive","resort","true","index, follow, max-image-preview:large","https://kindredtrips.com/resort/finest-punta-cana-by-the-excellence-collection-all-inclusive","true"
"https://kindredtrips.com/resort/flamingo-cancun-all-inclusive","resort","true","index, follow, max-image-preview:large","https://kindredtrips.com/resort/flamingo-cancun-all-inclusive","true"
"https://kindredtrips.com/resort/fort-young-hotel-and-dive-resort","resort","true","index, follow, max-image-preview:large","https://kindredtrips.com/resort/fort-young-hotel-and-dive-resort","true"
"https://kindredtrips.com/resort/franklyn-d-resort-and-spa","resort","true","index, follow, max-image-preview:large","https://kindredtrips.com/resort/franklyn-d-resort-and-spa","true"
"https://kindredtrips.com/resort/fun-holiday-beach-resort","resort","true","index, follow, max-image-preview:large","https://kindredtrips.com/resort/fun-holiday-beach-resort","true"
"https://kindredtrips.com/resort/galley-bay-resort-and-spa","resort","false","noindex, follow","https://kindredtrips.com/resort/galley-bay-resort-and-spa","false"
"https://kindredtrips.com/resort/garza-blanca-preserve-resort-and-spa","resort","true","index, follow, max-image-preview:large","https://kindredtrips.com/resort/garza-blanca-preserve-resort-and-spa","true"
"https://kindredtrips.com/resort/garza-blanca-resort-and-spa-cancun","resort","true","index, follow, max-image-preview:large","https://kindredtrips.com/resort/garza-blanca-resort-and-spa-cancun","true"
"https://kindredtrips.com/resort/garza-blanca-resort-and-spa-los-cabos","resort","true","index, follow, max-image-preview:large","https://kindredtrips.com/resort/garza-blanca-resort-and-spa-los-cabos","true"
"https://kindredtrips.com/resort/generations-riviera-maya-resort","resort","true","index, follow, max-image-preview:large","https://kindredtrips.com/resort/generations-riviera-maya-resort","true"
"https://kindredtrips.com/resort/golden-parnassus-all-inclusive-resort-and-spa-cancun","resort","false","noindex, follow","https://kindredtrips.com/resort/golden-parnassus-all-inclusive-resort-and-spa-cancun","false"
"https://kindredtrips.com/resort/gr-caribe-by-solaris","resort","true","index, follow, max-image-preview:large","https://kindredtrips.com/resort/gr-caribe-by-solaris","true"
"https://kindredtrips.com/resort/gr-solaris-cancun","resort","true","index, follow, max-image-preview:large","https://kindredtrips.com/resort/gr-solaris-cancun","true"
"https://kindredtrips.com/resort/gran-ventana-beach-resort","resort","true","index, follow, max-image-preview:large","https://kindredtrips.com/resort/gran-ventana-beach-resort","true"
"https://kindredtrips.com/resort/grand-bavaro-princess","resort","true","index, follow, max-image-preview:large","https://kindredtrips.com/resort/grand-bavaro-princess","true"
"https://kindredtrips.com/resort/grand-decameron-complex-bucerias-a-trademark-all-inclusive","resort","true","index, follow, max-image-preview:large","https://kindredtrips.com/resort/grand-decameron-complex-bucerias-a-trademark-all-inclusive","true"
"https://kindredtrips.com/resort/grand-decameron-cornwall-beach-a-trademark-all-inclusive-resort","resort","true","index, follow, max-image-preview:large","https://kindredtrips.com/resort/grand-decameron-cornwall-beach-a-trademark-all-inclusive-resort","true"
"https://kindredtrips.com/resort/grand-decameron-los-cabos-a-trademark-all-inclusive-resort","resort","true","index, follow, max-image-preview:large","https://kindredtrips.com/resort/grand-decameron-los-cabos-a-trademark-all-inclusive-resort","true"
"https://kindredtrips.com/resort/grand-decameron-montego-beach-a-trademark-all-inclusive-resort","resort","true","index, follow, max-image-preview:large","https://kindredtrips.com/resort/grand-decameron-montego-beach-a-trademark-all-inclusive-resort","true"
"https://kindredtrips.com/resort/grand-decameron-panama-a-trademark-all-inclusive-resort","resort","true","index, follow, max-image-preview:large","https://kindredtrips.com/resort/grand-decameron-panama-a-trademark-all-inclusive-resort","true"
"https://kindredtrips.com/resort/grand-fiesta-americana-coral-beach","resort","true","index, follow, max-image-preview:large","https://kindredtrips.com/resort/grand-fiesta-americana-coral-beach","true"
"https://kindredtrips.com/resort/grand-fiesta-americana-los-cabos-all-inclusive-golf-and-spa","resort","true","index, follow, max-image-preview:large","https://kindredtrips.com/resort/grand-fiesta-americana-los-cabos-all-inclusive-golf-and-spa","true"
"https://kindredtrips.com/resort/grand-hyatt-baha-mar","resort","true","index, follow, max-image-preview:large","https://kindredtrips.com/resort/grand-hyatt-baha-mar","true"
"https://kindredtrips.com/resort/grand-hyatt-playa-del-carmen-resort","resort","true","index, follow, max-image-preview:large","https://kindredtrips.com/resort/grand-hyatt-playa-del-carmen-resort","true"
"https://kindredtrips.com/resort/grand-lido-negril-au-naturel-an-autograph-collection-all-inclusive-resort-adults","resort","false","noindex, follow","https://kindredtrips.com/resort/grand-lido-negril-au-naturel-an-autograph-collection-all-inclusive-resort-adults","false"
"https://kindredtrips.com/resort/grand-matlali-riviera-nayarit","resort","true","index, follow, max-image-preview:large","https://kindredtrips.com/resort/grand-matlali-riviera-nayarit","true"
"https://kindredtrips.com/resort/grand-muthu-runaway-bay-club-caribbean","resort","true","index, follow, max-image-preview:large","https://kindredtrips.com/resort/grand-muthu-runaway-bay-club-caribbean","true"
"https://kindredtrips.com/resort/grand-oasis-cancun","resort","true","index, follow, max-image-preview:large","https://kindredtrips.com/resort/grand-oasis-cancun","true"
"https://kindredtrips.com/resort/grand-oasis-palm","resort","true","index, follow, max-image-preview:large","https://kindredtrips.com/resort/grand-oasis-palm","true"
"https://kindredtrips.com/resort/grand-palladium-bavaro-suites-all-inclusive-resort-and-spa","resort","true","index, follow, max-image-preview:large","https://kindredtrips.com/resort/grand-palladium-bavaro-suites-all-inclusive-resort-and-spa","true"
"https://kindredtrips.com/resort/grand-palladium-colonial-resort-and-spa","resort","true","index, follow, max-image-preview:large","https://kindredtrips.com/resort/grand-palladium-colonial-resort-and-spa","true"
"https://kindredtrips.com/resort/grand-palladium-jamaica-resort-and-spa","resort","true","index, follow, max-image-preview:large","https://kindredtrips.com/resort/grand-palladium-jamaica-resort-and-spa","true"
"https://kindredtrips.com/resort/grand-palladium-kantenah-resort-and-spa","resort","true","index, follow, max-image-preview:large","https://kindredtrips.com/resort/grand-palladium-kantenah-resort-and-spa","true"
"https://kindredtrips.com/resort/grand-palladium-lady-hamilton-resort-and-spa","resort","true","index, follow, max-image-preview:large","https://kindredtrips.com/resort/grand-palladium-lady-hamilton-resort-and-spa","true"
"https://kindredtrips.com/resort/grand-palladium-palace-resort-spa-and-casino","resort","true","index, follow, max-image-preview:large","https://kindredtrips.com/resort/grand-palladium-palace-resort-spa-and-casino","true"
"https://kindredtrips.com/resort/grand-palladium-punta-cana-resort-and-spa","resort","true","index, follow, max-image-preview:large","https://kindredtrips.com/resort/grand-palladium-punta-cana-resort-and-spa","true"
"https://kindredtrips.com/resort/grand-palladium-select-costa-mujeres","resort","true","index, follow, max-image-preview:large","https://kindredtrips.com/resort/grand-palladium-select-costa-mujeres","true"
"https://kindredtrips.com/resort/grand-palladium-vallarta-resort-and-spa","resort","true","index, follow, max-image-preview:large","https://kindredtrips.com/resort/grand-palladium-vallarta-resort-and-spa","true"
"https://kindredtrips.com/resort/grand-palladium-white-sand-resort-and-spa","resort","true","index, follow, max-image-preview:large","https://kindredtrips.com/resort/grand-palladium-white-sand-resort-and-spa","true"
"https://kindredtrips.com/resort/grand-paradise-playa-dorada","resort","false","noindex, follow","https://kindredtrips.com/resort/grand-paradise-playa-dorada","false"
"https://kindredtrips.com/resort/grand-park-royal-cozumel","resort","true","index, follow, max-image-preview:large","https://kindredtrips.com/resort/grand-park-royal-cozumel","true"
"https://kindredtrips.com/resort/grand-residences-riviera-cancun","resort","true","index, follow, max-image-preview:large","https://kindredtrips.com/resort/grand-residences-riviera-cancun","true"
"https://kindredtrips.com/resort/grand-riviera-princess","resort","true","index, follow, max-image-preview:large","https://kindredtrips.com/resort/grand-riviera-princess","true"
"https://kindredtrips.com/resort/grand-sirenis-punta-cana-resort-and-aquagames","resort","true","index, follow, max-image-preview:large","https://kindredtrips.com/resort/grand-sirenis-punta-cana-resort-and-aquagames","true"
"https://kindredtrips.com/resort/grand-sirenis-riviera-maya-resort","resort","true","index, follow, max-image-preview:large","https://kindredtrips.com/resort/grand-sirenis-riviera-maya-resort","true"
"https://kindredtrips.com/resort/grand-solmar-land-s-end-resort-and-spa","resort","true","index, follow, max-image-preview:large","https://kindredtrips.com/resort/grand-solmar-land-s-end-resort-and-spa","true"
"https://kindredtrips.com/resort/grand-solmar-pacific-dunes-golf-and-spa","resort","true","index, follow, max-image-preview:large","https://kindredtrips.com/resort/grand-solmar-pacific-dunes-golf-and-spa","true"
"https://kindredtrips.com/resort/grand-velas-boutique-hotel-los-cabos","resort","false","noindex, follow","https://kindredtrips.com/resort/grand-velas-boutique-hotel-los-cabos","false"
"https://kindredtrips.com/resort/grand-velas-boutique","resort","true","index, follow, max-image-preview:large","https://kindredtrips.com/resort/grand-velas-boutique","true"
"https://kindredtrips.com/resort/grand-velas-los-cabos","resort","true","index, follow, max-image-preview:large","https://kindredtrips.com/resort/grand-velas-los-cabos","true"
"https://kindredtrips.com/resort/grand-velas-riviera-maya","resort","true","index, follow, max-image-preview:large","https://kindredtrips.com/resort/grand-velas-riviera-maya","true"
"https://kindredtrips.com/resort/grand-velas-riviera-nayarit","resort","true","index, follow, max-image-preview:large","https://kindredtrips.com/resort/grand-velas-riviera-nayarit","true"
"https://kindredtrips.com/resort/grotto-bay-beach-resort-and-spa","resort","true","index, follow, max-image-preview:large","https://kindredtrips.com/resort/grotto-bay-beach-resort-and-spa","true"
"https://kindredtrips.com/resort/guana-island","resort","true","index, follow, max-image-preview:large","https://kindredtrips.com/resort/guana-island","true"
"https://kindredtrips.com/resort/hacienda-buenaventura-hotel-and-mexican-charm-all-inclusive","resort","true","index, follow, max-image-preview:large","https://kindredtrips.com/resort/hacienda-buenaventura-hotel-and-mexican-charm-all-inclusive","true"
"https://kindredtrips.com/resort/hacienda-del-mar-los-cabos-autograph-collection","resort","true","index, follow, max-image-preview:large","https://kindredtrips.com/resort/hacienda-del-mar-los-cabos-autograph-collection","true"
"https://kindredtrips.com/resort/hacienda-encantada-resort-and-residences","resort","true","index, follow, max-image-preview:large","https://kindredtrips.com/resort/hacienda-encantada-resort-and-residences","true"
"https://kindredtrips.com/resort/half-moon","resort","true","index, follow, max-image-preview:large","https://kindredtrips.com/resort/half-moon","true"
"https://kindredtrips.com/resort/hamanasi-adventure-and-dive-resort","resort","false","noindex, follow","https://kindredtrips.com/resort/hamanasi-adventure-and-dive-resort","false"
"https://kindredtrips.com/resort/hammock-cove-antigua","resort","false","noindex, follow","https://kindredtrips.com/resort/hammock-cove-antigua","false"
"https://kindredtrips.com/resort/hard-rock-hotel-and-casino-punta-cana","resort","true","index, follow, max-image-preview:large","https://kindredtrips.com/resort/hard-rock-hotel-and-casino-punta-cana","true"
"https://kindredtrips.com/resort/hard-rock-hotel-cancun","resort","true","index, follow, max-image-preview:large","https://kindredtrips.com/resort/hard-rock-hotel-cancun","true"
"https://kindredtrips.com/resort/hard-rock-hotel-los-cabos","resort","true","index, follow, max-image-preview:large","https://kindredtrips.com/resort/hard-rock-hotel-los-cabos","true"
"https://kindredtrips.com/resort/hard-rock-hotel-riviera-maya","resort","true","index, follow, max-image-preview:large","https://kindredtrips.com/resort/hard-rock-hotel-riviera-maya","true"
"https://kindredtrips.com/resort/hard-rock-hotel-vallarta","resort","true","index, follow, max-image-preview:large","https://kindredtrips.com/resort/hard-rock-hotel-vallarta","true"
"https://kindredtrips.com/resort/haven-riviera-cancun","resort","false","noindex, follow","https://kindredtrips.com/resort/haven-riviera-cancun","false"
"https://kindredtrips.com/resort/hawksbill-resort-antigua","resort","false","noindex, follow","https://kindredtrips.com/resort/hawksbill-resort-antigua","false"
"https://kindredtrips.com/resort/heaven-at-the-hard-rock-hotel-riviera-maya","resort","false","noindex, follow","https://kindredtrips.com/resort/heaven-at-the-hard-rock-hotel-riviera-maya","false"
"https://kindredtrips.com/resort/hedonism-ii","resort","false","noindex, follow","https://kindredtrips.com/resort/hedonism-ii","false"
"https://kindredtrips.com/resort/henry-morgan-beach-resort","resort","true","index, follow, max-image-preview:large","https://kindredtrips.com/resort/henry-morgan-beach-resort","true"
"https://kindredtrips.com/resort/hermitage-bay","resort","false","noindex, follow","https://kindredtrips.com/resort/hermitage-bay","false"
"https://kindredtrips.com/resort/hidden-beach-au-naturel-resort","resort","false","noindex, follow","https://kindredtrips.com/resort/hidden-beach-au-naturel-resort","false"
"https://kindredtrips.com/resort/hideaway-at-royalton-blue-waters-an-autograph-collection-all-inclusive-resort-ad","resort","false","noindex, follow","https://kindredtrips.com/resort/hideaway-at-royalton-blue-waters-an-autograph-collection-all-inclusive-resort-ad","false"
"https://kindredtrips.com/resort/hideaway-at-royalton-negril-an-autograph-collection-all-inclusive-resort-adults-","resort","false","noindex, follow","https://kindredtrips.com/resort/hideaway-at-royalton-negril-an-autograph-collection-all-inclusive-resort-adults-","false"
"https://kindredtrips.com/resort/hideaway-at-royalton-punta-cana-an-autograph-collection-all-inclusive-resort-and","resort","false","noindex, follow","https://kindredtrips.com/resort/hideaway-at-royalton-punta-cana-an-autograph-collection-all-inclusive-resort-and","false"
"https://kindredtrips.com/resort/hideaway-at-royalton-saint-lucia-an-autograph-collection-all-inclusive-resort","resort","false","noindex, follow","https://kindredtrips.com/resort/hideaway-at-royalton-saint-lucia-an-autograph-collection-all-inclusive-resort","false"
"https://kindredtrips.com/resort/hilton-cancun-an-all-inclusive-resort","resort","true","index, follow, max-image-preview:large","https://kindredtrips.com/resort/hilton-cancun-an-all-inclusive-resort","true"
"https://kindredtrips.com/resort/hilton-cancun-mar-caribe-all-inclusive-resort","resort","true","index, follow, max-image-preview:large","https://kindredtrips.com/resort/hilton-cancun-mar-caribe-all-inclusive-resort","true"
"https://kindredtrips.com/resort/hilton-tulum-riviera-maya-all-inclusive-resort","resort","true","index, follow, max-image-preview:large","https://kindredtrips.com/resort/hilton-tulum-riviera-maya-all-inclusive-resort","true"
"https://kindredtrips.com/resort/hilton-vallarta-riviera-all-inclusive-resort","resort","true","index, follow, max-image-preview:large","https://kindredtrips.com/resort/hilton-vallarta-riviera-all-inclusive-resort","true"
"https://kindredtrips.com/resort/hm-alma-de-bayahibe","resort","false","noindex, follow","https://kindredtrips.com/resort/hm-alma-de-bayahibe","false"
"https://kindredtrips.com/resort/hodelpa-garden-suites-golf-and-convention-centre","resort","true","index, follow, max-image-preview:large","https://kindredtrips.com/resort/hodelpa-garden-suites-golf-and-convention-centre","true"
"https://kindredtrips.com/resort/holiday-inn-resort-aruba-beach-resort-and-casino","resort","true","index, follow, max-image-preview:large","https://kindredtrips.com/resort/holiday-inn-resort-aruba-beach-resort-and-casino","true"
"https://kindredtrips.com/resort/holiday-inn-resort-ixtapa-all-inclusive-an-ihg-hotel","resort","true","index, follow, max-image-preview:large","https://kindredtrips.com/resort/holiday-inn-resort-ixtapa-all-inclusive-an-ihg-hotel","true"
"https://kindredtrips.com/resort/hotel-belo-isla-mujeres","resort","true","index, follow, max-image-preview:large","https://kindredtrips.com/resort/hotel-belo-isla-mujeres","true"
"https://kindredtrips.com/resort/hotel-dos-playas-faranda-cancun","resort","true","index, follow, max-image-preview:large","https://kindredtrips.com/resort/hotel-dos-playas-faranda-cancun","true"
"https://kindredtrips.com/resort/hotel-el-cozumeleno-beach-resort","resort","true","index, follow, max-image-preview:large","https://kindredtrips.com/resort/hotel-el-cozumeleno-beach-resort","true"
"https://kindredtrips.com/resort/hotel-el-dorado-maroma","resort","false","noindex, follow","https://kindredtrips.com/resort/hotel-el-dorado-maroma","false"
"https://kindredtrips.com/resort/hotel-fontan-ixtapa","resort","true","index, follow, max-image-preview:large","https://kindredtrips.com/resort/hotel-fontan-ixtapa","true"
"https://kindredtrips.com/resort/hotel-friendly-fun-puerto-vallarta","resort","true","index, follow, max-image-preview:large","https://kindredtrips.com/resort/hotel-friendly-fun-puerto-vallarta","true"
"https://kindredtrips.com/resort/hotel-grand-sunset-princess","resort","false","noindex, follow","https://kindredtrips.com/resort/hotel-grand-sunset-princess","false"
"https://kindredtrips.com/resort/hotel-krystal-cancun","resort","true","index, follow, max-image-preview:large","https://kindredtrips.com/resort/hotel-krystal-cancun","true"
"https://kindredtrips.com/resort/hotel-krystal-ixtapa","resort","true","index, follow, max-image-preview:large","https://kindredtrips.com/resort/hotel-krystal-ixtapa","true"
"https://kindredtrips.com/resort/hotel-krystal-puerto-vallarta","resort","true","index, follow, max-image-preview:large","https://kindredtrips.com/resort/hotel-krystal-puerto-vallarta","true"
"https://kindredtrips.com/resort/hotel-marina-el-cid-spa-and-beach-resort","resort","true","index, follow, max-image-preview:large","https://kindredtrips.com/resort/hotel-marina-el-cid-spa-and-beach-resort","true"
"https://kindredtrips.com/resort/hotel-mousai-cancun","resort","false","noindex, follow","https://kindredtrips.com/resort/hotel-mousai-cancun","false"
"https://kindredtrips.com/resort/hotel-mousai-puerto-vallarta","resort","false","noindex, follow","https://kindredtrips.com/resort/hotel-mousai-puerto-vallarta","false"
"https://kindredtrips.com/resort/hotel-nyx-cancun","resort","true","index, follow, max-image-preview:large","https://kindredtrips.com/resort/hotel-nyx-cancun","true"
"https://kindredtrips.com/resort/hotel-playa-fiesta","resort","true","index, follow, max-image-preview:large","https://kindredtrips.com/resort/hotel-playa-fiesta","true"
"https://kindredtrips.com/resort/hotel-playa-grande","resort","true","index, follow, max-image-preview:large","https://kindredtrips.com/resort/hotel-playa-grande","true"
"https://kindredtrips.com/resort/hotel-playa-mazatlan","resort","true","index, follow, max-image-preview:large","https://kindredtrips.com/resort/hotel-playa-mazatlan","true"
"https://kindredtrips.com/resort/hotel-posada-real","resort","true","index, follow, max-image-preview:large","https://kindredtrips.com/resort/hotel-posada-real","true"
"https://kindredtrips.com/resort/hotel-privilege-aluxes-isla-mujeres","resort","false","noindex, follow","https://kindredtrips.com/resort/hotel-privilege-aluxes-isla-mujeres","false"
"https://kindredtrips.com/resort/hotel-riu-bambu","resort","true","index, follow, max-image-preview:large","https://kindredtrips.com/resort/hotel-riu-bambu","true"
"https://kindredtrips.com/resort/hotel-riu-cancun","resort","false","noindex, follow","https://kindredtrips.com/resort/hotel-riu-cancun","false"
"https://kindredtrips.com/resort/hotel-riu-caribe","resort","true","index, follow, max-image-preview:large","https://kindredtrips.com/resort/hotel-riu-caribe","true"
"https://kindredtrips.com/resort/hotel-riu-emerald-bay","resort","true","index, follow, max-image-preview:large","https://kindredtrips.com/resort/hotel-riu-emerald-bay","true"
"https://kindredtrips.com/resort/hotel-riu-guanacaste","resort","true","index, follow, max-image-preview:large","https://kindredtrips.com/resort/hotel-riu-guanacaste","true"
"https://kindredtrips.com/resort/hotel-riu-jalisco","resort","true","index, follow, max-image-preview:large","https://kindredtrips.com/resort/hotel-riu-jalisco","true"
"https://kindredtrips.com/resort/hotel-riu-latino","resort","false","noindex, follow","https://kindredtrips.com/resort/hotel-riu-latino","false"
"https://kindredtrips.com/resort/hotel-riu-lupita","resort","true","index, follow, max-image-preview:large","https://kindredtrips.com/resort/hotel-riu-lupita","true"
"https://kindredtrips.com/resort/hotel-riu-montego-bay","resort","false","noindex, follow","https://kindredtrips.com/resort/hotel-riu-montego-bay","false"
"https://kindredtrips.com/resort/hotel-riu-negril","resort","true","index, follow, max-image-preview:large","https://kindredtrips.com/resort/hotel-riu-negril","true"
"https://kindredtrips.com/resort/hotel-riu-ocho-rios","resort","true","index, follow, max-image-preview:large","https://kindredtrips.com/resort/hotel-riu-ocho-rios","true"
"https://kindredtrips.com/resort/hotel-riu-palace-antillas","resort","false","noindex, follow","https://kindredtrips.com/resort/hotel-riu-palace-antillas","false"
"https://kindredtrips.com/resort/hotel-riu-palace-aquarelle","resort","true","index, follow, max-image-preview:large","https://kindredtrips.com/resort/hotel-riu-palace-aquarelle","true"
"https://kindredtrips.com/resort/hotel-riu-palace-aruba","resort","true","index, follow, max-image-preview:large","https://kindredtrips.com/resort/hotel-riu-palace-aruba","true"
"https://kindredtrips.com/resort/hotel-riu-palace-baja-california","resort","false","noindex, follow","https://kindredtrips.com/resort/hotel-riu-palace-baja-california","false"
"https://kindredtrips.com/resort/hotel-riu-palace-bavaro","resort","true","index, follow, max-image-preview:large","https://kindredtrips.com/resort/hotel-riu-palace-bavaro","true"
"https://kindredtrips.com/resort/hotel-riu-palace-cabo-san-lucas","resort","true","index, follow, max-image-preview:large","https://kindredtrips.com/resort/hotel-riu-palace-cabo-san-lucas","true"
"https://kindredtrips.com/resort/hotel-riu-palace-costa-mujeres","resort","true","index, follow, max-image-preview:large","https://kindredtrips.com/resort/hotel-riu-palace-costa-mujeres","true"
"https://kindredtrips.com/resort/hotel-riu-palace-costa-rica","resort","true","index, follow, max-image-preview:large","https://kindredtrips.com/resort/hotel-riu-palace-costa-rica","true"
"https://kindredtrips.com/resort/hotel-riu-palace-jamaica","resort","false","noindex, follow","https://kindredtrips.com/resort/hotel-riu-palace-jamaica","false"
"https://kindredtrips.com/resort/hotel-riu-palace-kukulkan","resort","false","noindex, follow","https://kindredtrips.com/resort/hotel-riu-palace-kukulkan","false"
"https://kindredtrips.com/resort/hotel-riu-palace-las-americas","resort","false","noindex, follow","https://kindredtrips.com/resort/hotel-riu-palace-las-americas","false"
"https://kindredtrips.com/resort/hotel-riu-palace-macao","resort","false","noindex, follow","https://kindredtrips.com/resort/hotel-riu-palace-macao","false"
"https://kindredtrips.com/resort/hotel-riu-palace-mexico","resort","true","index, follow, max-image-preview:large","https://kindredtrips.com/resort/hotel-riu-palace-mexico","true"
"https://kindredtrips.com/resort/hotel-riu-palace-pacifico","resort","false","noindex, follow","https://kindredtrips.com/resort/hotel-riu-palace-pacifico","false"
"https://kindredtrips.com/resort/hotel-riu-palace-paradise-island","resort","false","noindex, follow","https://kindredtrips.com/resort/hotel-riu-palace-paradise-island","false"
"https://kindredtrips.com/resort/hotel-riu-palace-peninsula","resort","true","index, follow, max-image-preview:large","https://kindredtrips.com/resort/hotel-riu-palace-peninsula","true"
"https://kindredtrips.com/resort/hotel-riu-palace-punta-cana","resort","true","index, follow, max-image-preview:large","https://kindredtrips.com/resort/hotel-riu-palace-punta-cana","true"
"https://kindredtrips.com/resort/hotel-riu-palace-tropical-bay","resort","true","index, follow, max-image-preview:large","https://kindredtrips.com/resort/hotel-riu-palace-tropical-bay","true"
"https://kindredtrips.com/resort/hotel-riu-playa-blanca","resort","true","index, follow, max-image-preview:large","https://kindredtrips.com/resort/hotel-riu-playa-blanca","true"
"https://kindredtrips.com/resort/hotel-riu-playacar","resort","true","index, follow, max-image-preview:large","https://kindredtrips.com/resort/hotel-riu-playacar","true"
"https://kindredtrips.com/resort/hotel-riu-reggae","resort","false","noindex, follow","https://kindredtrips.com/resort/hotel-riu-reggae","false"
"https://kindredtrips.com/resort/hotel-riu-republica","resort","false","noindex, follow","https://kindredtrips.com/resort/hotel-riu-republica","false"
"https://kindredtrips.com/resort/hotel-riu-santa-fe","resort","true","index, follow, max-image-preview:large","https://kindredtrips.com/resort/hotel-riu-santa-fe","true"
"https://kindredtrips.com/resort/hotel-riu-tequila","resort","true","index, follow, max-image-preview:large","https://kindredtrips.com/resort/hotel-riu-tequila","true"
"https://kindredtrips.com/resort/hotel-riu-vallarta","resort","true","index, follow, max-image-preview:large","https://kindredtrips.com/resort/hotel-riu-vallarta","true"
"https://kindredtrips.com/resort/hotel-riu-ventura","resort","true","index, follow, max-image-preview:large","https://kindredtrips.com/resort/hotel-riu-ventura","true"
"https://kindredtrips.com/resort/hotel-riu-yucatan","resort","true","index, follow, max-image-preview:large","https://kindredtrips.com/resort/hotel-riu-yucatan","true"
"https://kindredtrips.com/resort/hotel-serendipity-tortuguero","resort","false","noindex, follow","https://kindredtrips.com/resort/hotel-serendipity-tortuguero","false"
"https://kindredtrips.com/resort/hotel-soleil-pacifico","resort","true","index, follow, max-image-preview:large","https://kindredtrips.com/resort/hotel-soleil-pacifico","true"
"https://kindredtrips.com/resort/hotel-villas-playa-samara-beach-front","resort","true","index, follow, max-image-preview:large","https://kindredtrips.com/resort/hotel-villas-playa-samara-beach-front","true"
"https://kindredtrips.com/resort/hotel-xcaret-arte","resort","false","noindex, follow","https://kindredtrips.com/resort/hotel-xcaret-arte","false"
"https://kindredtrips.com/resort/hotel-xcaret-mexico","resort","true","index, follow, max-image-preview:large","https://kindredtrips.com/resort/hotel-xcaret-mexico","true"
"https://kindredtrips.com/resort/hyatt-vivid-grand-island","resort","false","noindex, follow","https://kindredtrips.com/resort/hyatt-vivid-grand-island","false"
"https://kindredtrips.com/resort/hyatt-vivid-playa-del-carmen","resort","false","noindex, follow","https://kindredtrips.com/resort/hyatt-vivid-playa-del-carmen","false"
"https://kindredtrips.com/resort/hyatt-vivid-punta-cana-sept-1","resort","false","noindex, follow","https://kindredtrips.com/resort/hyatt-vivid-punta-cana-sept-1","false"
"https://kindredtrips.com/resort/hyatt-zilara-cancun","resort","false","noindex, follow","https://kindredtrips.com/resort/hyatt-zilara-cancun","false"
"https://kindredtrips.com/resort/hyatt-zilara-cap-cana","resort","false","noindex, follow","https://kindredtrips.com/resort/hyatt-zilara-cap-cana","false"
"https://kindredtrips.com/resort/hyatt-zilara-riviera-maya","resort","false","noindex, follow","https://kindredtrips.com/resort/hyatt-zilara-riviera-maya","false"
"https://kindredtrips.com/resort/hyatt-zilara-rose-hall-nov-1","resort","false","noindex, follow","https://kindredtrips.com/resort/hyatt-zilara-rose-hall-nov-1","false"
"https://kindredtrips.com/resort/hyatt-ziva-cancun","resort","true","index, follow, max-image-preview:large","https://kindredtrips.com/resort/hyatt-ziva-cancun","true"
"https://kindredtrips.com/resort/hyatt-ziva-cap-cana","resort","true","index, follow, max-image-preview:large","https://kindredtrips.com/resort/hyatt-ziva-cap-cana","true"
"https://kindredtrips.com/resort/hyatt-ziva-los-cabos","resort","true","index, follow, max-image-preview:large","https://kindredtrips.com/resort/hyatt-ziva-los-cabos","true"
"https://kindredtrips.com/resort/hyatt-ziva-puerto-vallarta","resort","true","index, follow, max-image-preview:large","https://kindredtrips.com/resort/hyatt-ziva-puerto-vallarta","true"
"https://kindredtrips.com/resort/hyatt-ziva-rose-hall-nov-1","resort","true","index, follow, max-image-preview:large","https://kindredtrips.com/resort/hyatt-ziva-rose-hall-nov-1","true"
"https://kindredtrips.com/resort/iberostar-origin-laguna-azul","resort","false","noindex, follow","https://kindredtrips.com/resort/iberostar-origin-laguna-azul","false"
"https://kindredtrips.com/resort/iberostar-selection-bavaro-suites","resort","true","index, follow, max-image-preview:large","https://kindredtrips.com/resort/iberostar-selection-bavaro-suites","true"
"https://kindredtrips.com/resort/iberostar-selection-cancun","resort","true","index, follow, max-image-preview:large","https://kindredtrips.com/resort/iberostar-selection-cancun","true"
"https://kindredtrips.com/resort/iberostar-selection-coral-bavaro","resort","true","index, follow, max-image-preview:large","https://kindredtrips.com/resort/iberostar-selection-coral-bavaro","true"
"https://kindredtrips.com/resort/iberostar-selection-coral-cancun","resort","false","noindex, follow","https://kindredtrips.com/resort/iberostar-selection-coral-cancun","false"
"https://kindredtrips.com/resort/iberostar-selection-hacienda-dominicus","resort","true","index, follow, max-image-preview:large","https://kindredtrips.com/resort/iberostar-selection-hacienda-dominicus","true"
"https://kindredtrips.com/resort/iberostar-selection-paraiso-lindo","resort","true","index, follow, max-image-preview:large","https://kindredtrips.com/resort/iberostar-selection-paraiso-lindo","true"
"https://kindredtrips.com/resort/iberostar-selection-paraiso-maya-suites","resort","true","index, follow, max-image-preview:large","https://kindredtrips.com/resort/iberostar-selection-paraiso-maya-suites","true"
"https://kindredtrips.com/resort/iberostar-selection-playa-mita","resort","true","index, follow, max-image-preview:large","https://kindredtrips.com/resort/iberostar-selection-playa-mita","true"
"https://kindredtrips.com/resort/iberostar-selection-rose-hall-suites","resort","true","index, follow, max-image-preview:large","https://kindredtrips.com/resort/iberostar-selection-rose-hall-suites","true"
"https://kindredtrips.com/resort/iberostar-waves-costa-dorada","resort","true","index, follow, max-image-preview:large","https://kindredtrips.com/resort/iberostar-waves-costa-dorada","true"
"https://kindredtrips.com/resort/iberostar-waves-cozumel","resort","true","index, follow, max-image-preview:large","https://kindredtrips.com/resort/iberostar-waves-cozumel","true"
"https://kindredtrips.com/resort/iberostar-waves-dominicana","resort","true","index, follow, max-image-preview:large","https://kindredtrips.com/resort/iberostar-waves-dominicana","true"
"https://kindredtrips.com/resort/iberostar-waves-paraiso-beach","resort","true","index, follow, max-image-preview:large","https://kindredtrips.com/resort/iberostar-waves-paraiso-beach","true"
"https://kindredtrips.com/resort/iberostar-waves-paraiso-del-mar","resort","true","index, follow, max-image-preview:large","https://kindredtrips.com/resort/iberostar-waves-paraiso-del-mar","true"
"https://kindredtrips.com/resort/iberostar-waves-punta-cana","resort","true","index, follow, max-image-preview:large","https://kindredtrips.com/resort/iberostar-waves-punta-cana","true"
"https://kindredtrips.com/resort/iberostar-waves-rose-hall-beach","resort","true","index, follow, max-image-preview:large","https://kindredtrips.com/resort/iberostar-waves-rose-hall-beach","true"
"https://kindredtrips.com/resort/iberostar-waves-tucan","resort","true","index, follow, max-image-preview:large","https://kindredtrips.com/resort/iberostar-waves-tucan","true"
"https://kindredtrips.com/resort/impression-isla-mujeres-by-secrets","resort","false","noindex, follow","https://kindredtrips.com/resort/impression-isla-mujeres-by-secrets","false"
"https://kindredtrips.com/resort/impression-moxche-by-secrets","resort","false","noindex, follow","https://kindredtrips.com/resort/impression-moxche-by-secrets","false"
"https://kindredtrips.com/resort/impressive-premium-punta-cana","resort","true","index, follow, max-image-preview:large","https://kindredtrips.com/resort/impressive-premium-punta-cana","true"
"https://kindredtrips.com/resort/infinity-bay-spa-and-beach-resort","resort","true","index, follow, max-image-preview:large","https://kindredtrips.com/resort/infinity-bay-spa-and-beach-resort","true"
"https://kindredtrips.com/resort/island-inn-hotel","resort","true","index, follow, max-image-preview:large","https://kindredtrips.com/resort/island-inn-hotel","true"
"https://kindredtrips.com/resort/izla-hotel","resort","true","index, follow, max-image-preview:large","https://kindredtrips.com/resort/izla-hotel","true"
"https://kindredtrips.com/resort/jade-mountain-resort","resort","false","noindex, follow","https://kindredtrips.com/resort/jade-mountain-resort","false"
"https://kindredtrips.com/resort/jamaica-inn","resort","false","noindex, follow","https://kindredtrips.com/resort/jamaica-inn","false"
"https://kindredtrips.com/resort/jewel-dunn-s-river-beach-resort-and-spa","resort","false","noindex, follow","https://kindredtrips.com/resort/jewel-dunn-s-river-beach-resort-and-spa","false"
"https://kindredtrips.com/resort/jewel-grande-montego-bay-resort-and-spa-nov-1","resort","true","index, follow, max-image-preview:large","https://kindredtrips.com/resort/jewel-grande-montego-bay-resort-and-spa-nov-1","true"
"https://kindredtrips.com/resort/jewel-palm-beach","resort","true","index, follow, max-image-preview:large","https://kindredtrips.com/resort/jewel-palm-beach","true"
"https://kindredtrips.com/resort/jewel-paradise-cove-beach-resort-and-spa","resort","false","noindex, follow","https://kindredtrips.com/resort/jewel-paradise-cove-beach-resort-and-spa","false"
"https://kindredtrips.com/resort/joia-aruba-by-iberostar","resort","true","index, follow, max-image-preview:large","https://kindredtrips.com/resort/joia-aruba-by-iberostar","true"
"https://kindredtrips.com/resort/joia-bavaro-by-iberostar","resort","false","noindex, follow","https://kindredtrips.com/resort/joia-bavaro-by-iberostar","false"
"https://kindredtrips.com/resort/joia-paraiso-by-iberostar","resort","false","noindex, follow","https://kindredtrips.com/resort/joia-paraiso-by-iberostar","false"
"https://kindredtrips.com/resort/joia-rose-hall-by-iberostar","resort","false","noindex, follow","https://kindredtrips.com/resort/joia-rose-hall-by-iberostar","false"
"https://kindredtrips.com/resort/jolly-beach-antigua","resort","true","index, follow, max-image-preview:large","https://kindredtrips.com/resort/jolly-beach-antigua","true"
"https://kindredtrips.com/resort/jumby-bay-island-an-oetker-collection-hotel","resort","true","index, follow, max-image-preview:large","https://kindredtrips.com/resort/jumby-bay-island-an-oetker-collection-hotel","true"
"https://kindredtrips.com/resort/jw-marriott-all-inclusive-costa-mujeres","resort","true","index, follow, max-image-preview:large","https://kindredtrips.com/resort/jw-marriott-all-inclusive-costa-mujeres","true"
"https://kindredtrips.com/resort/jw-marriott-guanacaste-resort-and-spa","resort","true","index, follow, max-image-preview:large","https://kindredtrips.com/resort/jw-marriott-guanacaste-resort-and-spa","true"
"https://kindredtrips.com/resort/kempinski-hotel-cancun","resort","true","index, follow, max-image-preview:large","https://kindredtrips.com/resort/kempinski-hotel-cancun","true"
"https://kindredtrips.com/resort/keyonna-beach","resort","false","noindex, follow","https://kindredtrips.com/resort/keyonna-beach","false"
"https://kindredtrips.com/resort/kimpton-tres-rios","resort","true","index, follow, max-image-preview:large","https://kindredtrips.com/resort/kimpton-tres-rios","true"
"https://kindredtrips.com/resort/kore-tulum-retreat-and-spa-resort","resort","false","noindex, follow","https://kindredtrips.com/resort/kore-tulum-retreat-and-spa-resort","false"
"https://kindredtrips.com/resort/krystal-beach-acapulco","resort","true","index, follow, max-image-preview:large","https://kindredtrips.com/resort/krystal-beach-acapulco","true"
"https://kindredtrips.com/resort/krystal-grand-los-cabos","resort","false","noindex, follow","https://kindredtrips.com/resort/krystal-grand-los-cabos","false"
"https://kindredtrips.com/resort/kunuku-resort-all-inclusive-curacao-trademark-by-wyndham","resort","true","index, follow, max-image-preview:large","https://kindredtrips.com/resort/kunuku-resort-all-inclusive-curacao-trademark-by-wyndham","true"
"https://kindredtrips.com/resort/la-casa-de-la-playa","resort","false","noindex, follow","https://kindredtrips.com/resort/la-casa-de-la-playa","false"
"https://kindredtrips.com/resort/la-quinta-gran-bahia-cuastecomates","resort","true","index, follow, max-image-preview:large","https://kindredtrips.com/resort/la-quinta-gran-bahia-cuastecomates","true"
"https://kindredtrips.com/resort/la-tambora-beach-resort","resort","true","index, follow, max-image-preview:large","https://kindredtrips.com/resort/la-tambora-beach-resort","true"
"https://kindredtrips.com/resort/ladera-resort","resort","false","noindex, follow","https://kindredtrips.com/resort/ladera-resort","false"
"https://kindredtrips.com/resort/laguna-suites","resort","true","index, follow, max-image-preview:large","https://kindredtrips.com/resort/laguna-suites","true"
"https://kindredtrips.com/resort/laluna-boutique-hotel-and-villas","resort","false","noindex, follow","https://kindredtrips.com/resort/laluna-boutique-hotel-and-villas","false"
"https://kindredtrips.com/resort/las-brisas-huatulco","resort","true","index, follow, max-image-preview:large","https://kindredtrips.com/resort/las-brisas-huatulco","true"
"https://kindredtrips.com/resort/las-hadas-by-brisas","resort","true","index, follow, max-image-preview:large","https://kindredtrips.com/resort/las-hadas-by-brisas","true"
"https://kindredtrips.com/resort/las-palmas-by-the-sea","resort","true","index, follow, max-image-preview:large","https://kindredtrips.com/resort/las-palmas-by-the-sea","true"
"https://kindredtrips.com/resort/le-blanc-spa-resort-cancun","resort","false","noindex, follow","https://kindredtrips.com/resort/le-blanc-spa-resort-cancun","false"
"https://kindredtrips.com/resort/le-blanc-spa-resort-los-cabos","resort","false","noindex, follow","https://kindredtrips.com/resort/le-blanc-spa-resort-los-cabos","false"
"https://kindredtrips.com/resort/le-blanc-turks-and-caicos","resort","false","noindex, follow","https://kindredtrips.com/resort/le-blanc-turks-and-caicos","false"
"https://kindredtrips.com/resort/le-reve-by-mij-beachfront-hotel","resort","true","index, follow, max-image-preview:large","https://kindredtrips.com/resort/le-reve-by-mij-beachfront-hotel","true"
"https://kindredtrips.com/resort/legends-beach-hotel","resort","true","index, follow, max-image-preview:large","https://kindredtrips.com/resort/legends-beach-hotel","true"
"https://kindredtrips.com/resort/lifestyle-crown-and-residence-suites","resort","false","noindex, follow","https://kindredtrips.com/resort/lifestyle-crown-and-residence-suites","false"
"https://kindredtrips.com/resort/lifestyle-tropical-beach-resort-and-spa","resort","true","index, follow, max-image-preview:large","https://kindredtrips.com/resort/lifestyle-tropical-beach-resort-and-spa","true"
"https://kindredtrips.com/resort/lighthouse-pointe-at-grand-lucayan-resort","resort","true","index, follow, max-image-preview:large","https://kindredtrips.com/resort/lighthouse-pointe-at-grand-lucayan-resort","true"
"https://kindredtrips.com/resort/live-aqua-cancun","resort","false","noindex, follow","https://kindredtrips.com/resort/live-aqua-cancun","false"
"https://kindredtrips.com/resort/live-aqua-punta-cana","resort","false","noindex, follow","https://kindredtrips.com/resort/live-aqua-punta-cana","false"
"https://kindredtrips.com/resort/lopesan-caoba-lagoon-resort-may","resort","true","index, follow, max-image-preview:large","https://kindredtrips.com/resort/lopesan-caoba-lagoon-resort-may","true"
"https://kindredtrips.com/resort/lopesan-costa-bavaro-resort-spa-and-casino","resort","true","index, follow, max-image-preview:large","https://kindredtrips.com/resort/lopesan-costa-bavaro-resort-spa-and-casino","true"
"https://kindredtrips.com/resort/lopesan-serenity-bay-resort-spa-and-casino-may","resort","false","noindex, follow","https://kindredtrips.com/resort/lopesan-serenity-bay-resort-spa-and-casino-may","false"
"https://kindredtrips.com/resort/lopesan-splash-cove-may","resort","true","index, follow, max-image-preview:large","https://kindredtrips.com/resort/lopesan-splash-cove-may","true"
"https://kindredtrips.com/resort/los-arcos-suites","resort","true","index, follow, max-image-preview:large","https://kindredtrips.com/resort/los-arcos-suites","true"
"https://kindredtrips.com/resort/mahekal-beach-resort","resort","true","index, follow, max-image-preview:large","https://kindredtrips.com/resort/mahekal-beach-resort","true"
"https://kindredtrips.com/resort/majestic-colonial-punta-cana","resort","true","index, follow, max-image-preview:large","https://kindredtrips.com/resort/majestic-colonial-punta-cana","true"
"https://kindredtrips.com/resort/majestic-elegance-costa-mujeres","resort","true","index, follow, max-image-preview:large","https://kindredtrips.com/resort/majestic-elegance-costa-mujeres","true"
"https://kindredtrips.com/resort/majestic-elegance-punta-cana","resort","true","index, follow, max-image-preview:large","https://kindredtrips.com/resort/majestic-elegance-punta-cana","true"
"https://kindredtrips.com/resort/majestic-mirage-punta-cana","resort","true","index, follow, max-image-preview:large","https://kindredtrips.com/resort/majestic-mirage-punta-cana","true"
"https://kindredtrips.com/resort/manchebo-beach-resort-and-spa","resort","false","noindex, follow","https://kindredtrips.com/resort/manchebo-beach-resort-and-spa","false"
"https://kindredtrips.com/resort/mango-bay-hotel","resort","true","index, follow, max-image-preview:large","https://kindredtrips.com/resort/mango-bay-hotel","true"
"https://kindredtrips.com/resort/mangos-jamaica","resort","false","noindex, follow","https://kindredtrips.com/resort/mangos-jamaica","false"
"https://kindredtrips.com/resort/mangrove-beach-corendon-curacao-all-inclusive-resort-curio-by-hilton","resort","true","index, follow, max-image-preview:large","https://kindredtrips.com/resort/mangrove-beach-corendon-curacao-all-inclusive-resort-curio-by-hilton","true"
"https://kindredtrips.com/resort/manta-island-resort","resort","true","index, follow, max-image-preview:large","https://kindredtrips.com/resort/manta-island-resort","true"
"https://kindredtrips.com/resort/margaritaville-beach-resort-playa-flamingo","resort","true","index, follow, max-image-preview:large","https://kindredtrips.com/resort/margaritaville-beach-resort-playa-flamingo","true"
"https://kindredtrips.com/resort/margaritaville-island-reserve-cap-cana-hammock","resort","false","noindex, follow","https://kindredtrips.com/resort/margaritaville-island-reserve-cap-cana-hammock","false"
"https://kindredtrips.com/resort/margaritaville-island-reserve-cap-cana-wave","resort","true","index, follow, max-image-preview:large","https://kindredtrips.com/resort/margaritaville-island-reserve-cap-cana-wave","true"
"https://kindredtrips.com/resort/margaritaville-island-reserve-resort-roatan-2027","resort","true","index, follow, max-image-preview:large","https://kindredtrips.com/resort/margaritaville-island-reserve-resort-roatan-2027","true"
"https://kindredtrips.com/resort/margaritaville-island-reserve-riviera-cancun-by-karisma","resort","true","index, follow, max-image-preview:large","https://kindredtrips.com/resort/margaritaville-island-reserve-riviera-cancun-by-karisma","true"
"https://kindredtrips.com/resort/marien-puerto-plata","resort","true","index, follow, max-image-preview:large","https://kindredtrips.com/resort/marien-puerto-plata","true"
"https://kindredtrips.com/resort/marina-fiesta-resort-and-spa","resort","true","index, follow, max-image-preview:large","https://kindredtrips.com/resort/marina-fiesta-resort-and-spa","true"
"https://kindredtrips.com/resort/marival-distinct-residences-and-spa-handwritten-collection-riviera-nayarit","resort","true","index, follow, max-image-preview:large","https://kindredtrips.com/resort/marival-distinct-residences-and-spa-handwritten-collection-riviera-nayarit","true"
"https://kindredtrips.com/resort/marival-emotions-resort-and-suites-riviera-nayarit-by-mercure","resort","true","index, follow, max-image-preview:large","https://kindredtrips.com/resort/marival-emotions-resort-and-suites-riviera-nayarit-by-mercure","true"
"https://kindredtrips.com/resort/marquis-los-cabos","resort","false","noindex, follow","https://kindredtrips.com/resort/marquis-los-cabos","false"
"https://kindredtrips.com/resort/marriott-cancun-an-all-inclusive-resort","resort","true","index, follow, max-image-preview:large","https://kindredtrips.com/resort/marriott-cancun-an-all-inclusive-resort","true"
"https://kindredtrips.com/resort/marriott-miches-beach-an-all-inclusive-resort","resort","true","index, follow, max-image-preview:large","https://kindredtrips.com/resort/marriott-miches-beach-an-all-inclusive-resort","true"
"https://kindredtrips.com/resort/matachica-resort-and-spa","resort","false","noindex, follow","https://kindredtrips.com/resort/matachica-resort-and-spa","false"
"https://kindredtrips.com/resort/maya-tulum-by-g-hotels","resort","true","index, follow, max-image-preview:large","https://kindredtrips.com/resort/maya-tulum-by-g-hotels","true"
"https://kindredtrips.com/resort/melia-caribe-beach-resort","resort","true","index, follow, max-image-preview:large","https://kindredtrips.com/resort/melia-caribe-beach-resort","true"
"https://kindredtrips.com/resort/melia-casa-maya-cancun-all-inclusive","resort","true","index, follow, max-image-preview:large","https://kindredtrips.com/resort/melia-casa-maya-cancun-all-inclusive","true"
"https://kindredtrips.com/resort/melia-cozumel","resort","true","index, follow, max-image-preview:large","https://kindredtrips.com/resort/melia-cozumel","true"
"https://kindredtrips.com/resort/melia-puerto-vallarta","resort","true","index, follow, max-image-preview:large","https://kindredtrips.com/resort/melia-puerto-vallarta","true"
"https://kindredtrips.com/resort/melia-punta-cana-beach","resort","false","noindex, follow","https://kindredtrips.com/resort/melia-punta-cana-beach","false"
"https://kindredtrips.com/resort/merrils-beach-resort-ii","resort","true","index, follow, max-image-preview:large","https://kindredtrips.com/resort/merrils-beach-resort-ii","true"
"https://kindredtrips.com/resort/merrils-beach-resort-iii","resort","false","noindex, follow","https://kindredtrips.com/resort/merrils-beach-resort-iii","false"
"https://kindredtrips.com/resort/mia-reef-isla-mujeres","resort","true","index, follow, max-image-preview:large","https://kindredtrips.com/resort/mia-reef-isla-mujeres","true"
"https://kindredtrips.com/resort/moon-palace-cancun","resort","true","index, follow, max-image-preview:large","https://kindredtrips.com/resort/moon-palace-cancun","true"
"https://kindredtrips.com/resort/moon-palace-jamaica","resort","true","index, follow, max-image-preview:large","https://kindredtrips.com/resort/moon-palace-jamaica","true"
"https://kindredtrips.com/resort/moon-palace-nizuc-cancun","resort","true","index, follow, max-image-preview:large","https://kindredtrips.com/resort/moon-palace-nizuc-cancun","true"
"https://kindredtrips.com/resort/moon-palace-the-grand-turks-and-caicos","resort","true","index, follow, max-image-preview:large","https://kindredtrips.com/resort/moon-palace-the-grand-turks-and-caicos","true"
"https://kindredtrips.com/resort/naviva-a-four-seasons-resort-punta-mita-mexico","resort","false","noindex, follow","https://kindredtrips.com/resort/naviva-a-four-seasons-resort-punta-mita-mexico","false"
"https://kindredtrips.com/resort/nayara-bocas-del-toro-all-inclusive","resort","false","noindex, follow","https://kindredtrips.com/resort/nayara-bocas-del-toro-all-inclusive","false"
"https://kindredtrips.com/resort/nickelodeon-hotels-and-resorts-punta-cana","resort","true","index, follow, max-image-preview:large","https://kindredtrips.com/resort/nickelodeon-hotels-and-resorts-punta-cana","true"
"https://kindredtrips.com/resort/nickelodeon-hotels-and-resorts-riviera-maya-gourmet-all-inclusive-by-karisma","resort","true","index, follow, max-image-preview:large","https://kindredtrips.com/resort/nickelodeon-hotels-and-resorts-riviera-maya-gourmet-all-inclusive-by-karisma","true"
"https://kindredtrips.com/resort/o2-beach-club-and-spa","resort","true","index, follow, max-image-preview:large","https://kindredtrips.com/resort/o2-beach-club-and-spa","true"
"https://kindredtrips.com/resort/occidental-at-xcaret-destination","resort","true","index, follow, max-image-preview:large","https://kindredtrips.com/resort/occidental-at-xcaret-destination","true"
"https://kindredtrips.com/resort/occidental-caribe","resort","true","index, follow, max-image-preview:large","https://kindredtrips.com/resort/occidental-caribe","true"
"https://kindredtrips.com/resort/occidental-costa-cancun","resort","true","index, follow, max-image-preview:large","https://kindredtrips.com/resort/occidental-costa-cancun","true"
"https://kindredtrips.com/resort/occidental-cozumel","resort","true","index, follow, max-image-preview:large","https://kindredtrips.com/resort/occidental-cozumel","true"
"https://kindredtrips.com/resort/occidental-nuevo-vallarta","resort","true","index, follow, max-image-preview:large","https://kindredtrips.com/resort/occidental-nuevo-vallarta","true"
"https://kindredtrips.com/resort/occidental-papagayo","resort","false","noindex, follow","https://kindredtrips.com/resort/occidental-papagayo","false"
"https://kindredtrips.com/resort/occidental-punta-cana","resort","true","index, follow, max-image-preview:large","https://kindredtrips.com/resort/occidental-punta-cana","true"
"https://kindredtrips.com/resort/occidental-tamarindo","resort","true","index, follow, max-image-preview:large","https://kindredtrips.com/resort/occidental-tamarindo","true"
"https://kindredtrips.com/resort/occidental-tucancun","resort","true","index, follow, max-image-preview:large","https://kindredtrips.com/resort/occidental-tucancun","true"
"https://kindredtrips.com/resort/ocean-allure-costa-mujeres","resort","false","noindex, follow","https://kindredtrips.com/resort/ocean-allure-costa-mujeres","false"
"https://kindredtrips.com/resort/ocean-blue-and-sand-beach-resort","resort","true","index, follow, max-image-preview:large","https://kindredtrips.com/resort/ocean-blue-and-sand-beach-resort","true"
"https://kindredtrips.com/resort/ocean-coral-and-turquesa","resort","true","index, follow, max-image-preview:large","https://kindredtrips.com/resort/ocean-coral-and-turquesa","true"
"https://kindredtrips.com/resort/ocean-coral-spring","resort","true","index, follow, max-image-preview:large","https://kindredtrips.com/resort/ocean-coral-spring","true"
"https://kindredtrips.com/resort/ocean-eden-bay-adults-only","resort","false","noindex, follow","https://kindredtrips.com/resort/ocean-eden-bay-adults-only","false"
"https://kindredtrips.com/resort/ocean-el-faro","resort","true","index, follow, max-image-preview:large","https://kindredtrips.com/resort/ocean-el-faro","true"
"https://kindredtrips.com/resort/ocean-maya-royale","resort","false","noindex, follow","https://kindredtrips.com/resort/ocean-maya-royale","false"
"https://kindredtrips.com/resort/ocean-riviera-paradise","resort","true","index, follow, max-image-preview:large","https://kindredtrips.com/resort/ocean-riviera-paradise","true"
"https://kindredtrips.com/resort/ocean-spa-hotel","resort","false","noindex, follow","https://kindredtrips.com/resort/ocean-spa-hotel","false"
"https://kindredtrips.com/resort/oceana-resort-conventions","resort","true","index, follow, max-image-preview:large","https://kindredtrips.com/resort/oceana-resort-conventions","true"
"https://kindredtrips.com/resort/oceans-at-carina-bay","resort","false","noindex, follow","https://kindredtrips.com/resort/oceans-at-carina-bay","false"
"https://kindredtrips.com/resort/oceans-at-divi-little-bay","resort","true","index, follow, max-image-preview:large","https://kindredtrips.com/resort/oceans-at-divi-little-bay","true"
"https://kindredtrips.com/resort/oleo-cancun-playa","resort","true","index, follow, max-image-preview:large","https://kindredtrips.com/resort/oleo-cancun-playa","true"
"https://kindredtrips.com/resort/pacific-fins-resort-and-marina","resort","false","noindex, follow","https://kindredtrips.com/resort/pacific-fins-resort-and-marina","false"
"https://kindredtrips.com/resort/pacifica-resort-ixtapa","resort","true","index, follow, max-image-preview:large","https://kindredtrips.com/resort/pacifica-resort-ixtapa","true"
"https://kindredtrips.com/resort/palafitos-overwater-bungalows","resort","false","noindex, follow","https://kindredtrips.com/resort/palafitos-overwater-bungalows","false"
"https://kindredtrips.com/resort/palmaia-the-house-of-aia-all-inclusive-wellness-resort","resort","true","index, follow, max-image-preview:large","https://kindredtrips.com/resort/palmaia-the-house-of-aia-all-inclusive-wellness-resort","true"
"https://kindredtrips.com/resort/paradise-village-beach-resort-and-spa","resort","true","index, follow, max-image-preview:large","https://kindredtrips.com/resort/paradise-village-beach-resort-and-spa","true"
"https://kindredtrips.com/resort/paradisus-cancun","resort","true","index, follow, max-image-preview:large","https://kindredtrips.com/resort/paradisus-cancun","true"
"https://kindredtrips.com/resort/paradisus-grand-cana-all-suites","resort","true","index, follow, max-image-preview:large","https://kindredtrips.com/resort/paradisus-grand-cana-all-suites","true"
"https://kindredtrips.com/resort/paradisus-la-perla-adults-only","resort","false","noindex, follow","https://kindredtrips.com/resort/paradisus-la-perla-adults-only","false"
"https://kindredtrips.com/resort/paradisus-los-cabos-adults-only-the-leading-hotels-of-the-world","resort","false","noindex, follow","https://kindredtrips.com/resort/paradisus-los-cabos-adults-only-the-leading-hotels-of-the-world","false"
"https://kindredtrips.com/resort/paradisus-palma-real-golf-and-spa-resort","resort","true","index, follow, max-image-preview:large","https://kindredtrips.com/resort/paradisus-palma-real-golf-and-spa-resort","true"
"https://kindredtrips.com/resort/paradisus-playa-del-carmen-riviera-maya","resort","true","index, follow, max-image-preview:large","https://kindredtrips.com/resort/paradisus-playa-del-carmen-riviera-maya","true"
"https://kindredtrips.com/resort/paradisus-punta-cana-resort","resort","false","noindex, follow","https://kindredtrips.com/resort/paradisus-punta-cana-resort","false"
"https://kindredtrips.com/resort/paraiso-de-la-bonita-riviera-may-a-luxury-collection-resort","resort","false","noindex, follow","https://kindredtrips.com/resort/paraiso-de-la-bonita-riviera-may-a-luxury-collection-resort","false"
"https://kindredtrips.com/resort/park-royal-beach-cancun","resort","true","index, follow, max-image-preview:large","https://kindredtrips.com/resort/park-royal-beach-cancun","true"
"https://kindredtrips.com/resort/petite-anse-hotel","resort","true","index, follow, max-image-preview:large","https://kindredtrips.com/resort/petite-anse-hotel","true"
"https://kindredtrips.com/resort/pierre-mundo-imperial","resort","true","index, follow, max-image-preview:large","https://kindredtrips.com/resort/pierre-mundo-imperial","true"
"https://kindredtrips.com/resort/pine-cay","resort","false","noindex, follow","https://kindredtrips.com/resort/pine-cay","false"
"https://kindredtrips.com/resort/pineapple-beach-club-antigua-all-inclusive","resort","false","noindex, follow","https://kindredtrips.com/resort/pineapple-beach-club-antigua-all-inclusive","false"
"https://kindredtrips.com/resort/planet-hollywood-cancun-adult-scene-an-autograph-collection","resort","false","noindex, follow","https://kindredtrips.com/resort/planet-hollywood-cancun-adult-scene-an-autograph-collection","false"
"https://kindredtrips.com/resort/planet-hollywood-cancun-an-autograph-collection-all-inclusive-resort","resort","true","index, follow, max-image-preview:large","https://kindredtrips.com/resort/planet-hollywood-cancun-an-autograph-collection-all-inclusive-resort","true"
"https://kindredtrips.com/resort/planet-hollywood-costa-rica","resort","true","index, follow, max-image-preview:large","https://kindredtrips.com/resort/planet-hollywood-costa-rica","true"
"https://kindredtrips.com/resort/platinum-yucatan-princess-adults-only","resort","false","noindex, follow","https://kindredtrips.com/resort/platinum-yucatan-princess-adults-only","false"
"https://kindredtrips.com/resort/playa-grande-resort-and-grand-spa","resort","true","index, follow, max-image-preview:large","https://kindredtrips.com/resort/playa-grande-resort-and-grand-spa","true"
"https://kindredtrips.com/resort/playabachata-spa-resort","resort","true","index, follow, max-image-preview:large","https://kindredtrips.com/resort/playabachata-spa-resort","true"
"https://kindredtrips.com/resort/playacar-palace","resort","true","index, follow, max-image-preview:large","https://kindredtrips.com/resort/playacar-palace","true"
"https://kindredtrips.com/resort/presidential-suites-by-lifestyle-all-inclusive","resort","true","index, follow, max-image-preview:large","https://kindredtrips.com/resort/presidential-suites-by-lifestyle-all-inclusive","true"
"https://kindredtrips.com/resort/presidential-suites-punta-cana","resort","false","noindex, follow","https://kindredtrips.com/resort/presidential-suites-punta-cana","false"
"https://kindredtrips.com/resort/princess-grand-jamaica","resort","true","index, follow, max-image-preview:large","https://kindredtrips.com/resort/princess-grand-jamaica","true"
"https://kindredtrips.com/resort/princess-mundo-imperial","resort","true","index, follow, max-image-preview:large","https://kindredtrips.com/resort/princess-mundo-imperial","true"
"https://kindredtrips.com/resort/princess-senses-the-mangrove","resort","false","noindex, follow","https://kindredtrips.com/resort/princess-senses-the-mangrove","false"
"https://kindredtrips.com/resort/pueblo-bonito-blanco-los-cabos-beach-resort","resort","true","index, follow, max-image-preview:large","https://kindredtrips.com/resort/pueblo-bonito-blanco-los-cabos-beach-resort","true"
"https://kindredtrips.com/resort/pueblo-bonito-emerald-bay-resort-and-spa","resort","true","index, follow, max-image-preview:large","https://kindredtrips.com/resort/pueblo-bonito-emerald-bay-resort-and-spa","true"
"https://kindredtrips.com/resort/pueblo-bonito-mazatlan-beach-resort","resort","true","index, follow, max-image-preview:large","https://kindredtrips.com/resort/pueblo-bonito-mazatlan-beach-resort","true"
"https://kindredtrips.com/resort/pueblo-bonito-montecristo-estates-luxury-villas","resort","true","index, follow, max-image-preview:large","https://kindredtrips.com/resort/pueblo-bonito-montecristo-estates-luxury-villas","true"
"https://kindredtrips.com/resort/pueblo-bonito-pacifica","resort","false","noindex, follow","https://kindredtrips.com/resort/pueblo-bonito-pacifica","false"
"https://kindredtrips.com/resort/pueblo-bonito-rose-resort-and-spa","resort","true","index, follow, max-image-preview:large","https://kindredtrips.com/resort/pueblo-bonito-rose-resort-and-spa","true"
"https://kindredtrips.com/resort/pueblo-bonito-sunset-beach-golf-and-spa-resort","resort","true","index, follow, max-image-preview:large","https://kindredtrips.com/resort/pueblo-bonito-sunset-beach-golf-and-spa-resort","true"
"https://kindredtrips.com/resort/punta-cana-princess","resort","false","noindex, follow","https://kindredtrips.com/resort/punta-cana-princess","false"
"https://kindredtrips.com/resort/qualton-club-ixtapa-all-inclusive","resort","true","index, follow, max-image-preview:large","https://kindredtrips.com/resort/qualton-club-ixtapa-all-inclusive","true"
"https://kindredtrips.com/resort/real-playa-del-carmen","resort","true","index, follow, max-image-preview:large","https://kindredtrips.com/resort/real-playa-del-carmen","true"
"https://kindredtrips.com/resort/renaissance-wind-creek-aruba-resort","resort","true","index, follow, max-image-preview:large","https://kindredtrips.com/resort/renaissance-wind-creek-aruba-resort","true"
"https://kindredtrips.com/resort/residence-suite-resort","resort","true","index, follow, max-image-preview:large","https://kindredtrips.com/resort/residence-suite-resort","true"
"https://kindredtrips.com/resort/ritz-acapulco","resort","true","index, follow, max-image-preview:large","https://kindredtrips.com/resort/ritz-acapulco","true"
"https://kindredtrips.com/resort/riu-dunamar-all-inclusive","resort","true","index, follow, max-image-preview:large","https://kindredtrips.com/resort/riu-dunamar-all-inclusive","true"
"https://kindredtrips.com/resort/round-hill-hotel-and-villas","resort","true","index, follow, max-image-preview:large","https://kindredtrips.com/resort/round-hill-hotel-and-villas","true"
"https://kindredtrips.com/resort/royal-decameron-indigo-beach-resort-and-spa","resort","true","index, follow, max-image-preview:large","https://kindredtrips.com/resort/royal-decameron-indigo-beach-resort-and-spa","true"
"https://kindredtrips.com/resort/royal-decameron-salinitas","resort","true","index, follow, max-image-preview:large","https://kindredtrips.com/resort/royal-decameron-salinitas","true"
"https://kindredtrips.com/resort/royal-hideaway-playacar","resort","false","noindex, follow","https://kindredtrips.com/resort/royal-hideaway-playacar","false"
"https://kindredtrips.com/resort/royal-solaris-cancun","resort","true","index, follow, max-image-preview:large","https://kindredtrips.com/resort/royal-solaris-cancun","true"
"https://kindredtrips.com/resort/royal-solaris-los-cabos","resort","true","index, follow, max-image-preview:large","https://kindredtrips.com/resort/royal-solaris-los-cabos","true"
"https://kindredtrips.com/resort/royal-villas-cofresi-5","resort","false","noindex, follow","https://kindredtrips.com/resort/royal-villas-cofresi-5","false"
"https://kindredtrips.com/resort/royalton-antigua-an-autograph-collection-all-inclusive-resort","resort","true","index, follow, max-image-preview:large","https://kindredtrips.com/resort/royalton-antigua-an-autograph-collection-all-inclusive-resort","true"
"https://kindredtrips.com/resort/royalton-bavaro-an-autograph-collection-all-inclusive-resort-and-casino","resort","true","index, follow, max-image-preview:large","https://kindredtrips.com/resort/royalton-bavaro-an-autograph-collection-all-inclusive-resort-and-casino","true"
"https://kindredtrips.com/resort/royalton-blue-waters-montego-bay-an-autograph-collection-all-inclusive-resort-se","resort","true","index, follow, max-image-preview:large","https://kindredtrips.com/resort/royalton-blue-waters-montego-bay-an-autograph-collection-all-inclusive-resort-se","true"
"https://kindredtrips.com/resort/royalton-chic-antigua-an-autograph-collection-all-inclusive-resort-adults-only","resort","false","noindex, follow","https://kindredtrips.com/resort/royalton-chic-antigua-an-autograph-collection-all-inclusive-resort-adults-only","false"
"https://kindredtrips.com/resort/royalton-chic-cancun-an-autograph-collection-all-inclusive-resort-adults-only","resort","false","noindex, follow","https://kindredtrips.com/resort/royalton-chic-cancun-an-autograph-collection-all-inclusive-resort-adults-only","false"
"https://kindredtrips.com/resort/royalton-chic-jamaica-paradise-cove-an-autograph-collection-all-inclusive-resort","resort","false","noindex, follow","https://kindredtrips.com/resort/royalton-chic-jamaica-paradise-cove-an-autograph-collection-all-inclusive-resort","false"
"https://kindredtrips.com/resort/royalton-chic-punta-cana","resort","false","noindex, follow","https://kindredtrips.com/resort/royalton-chic-punta-cana","false"
"https://kindredtrips.com/resort/royalton-grenada-an-autograph-collection-all-inclusive-resort","resort","true","index, follow, max-image-preview:large","https://kindredtrips.com/resort/royalton-grenada-an-autograph-collection-all-inclusive-resort","true"
"https://kindredtrips.com/resort/royalton-negril-an-autograph-collection-all-inclusive-resort-aug-25","resort","true","index, follow, max-image-preview:large","https://kindredtrips.com/resort/royalton-negril-an-autograph-collection-all-inclusive-resort-aug-25","true"
"https://kindredtrips.com/resort/royalton-punta-cana-an-autograph-collection-resort-and-casino","resort","true","index, follow, max-image-preview:large","https://kindredtrips.com/resort/royalton-punta-cana-an-autograph-collection-resort-and-casino","true"
"https://kindredtrips.com/resort/royalton-riviera-cancun-an-autograph-collection-all-inclusive-resort-and-casino","resort","true","index, follow, max-image-preview:large","https://kindredtrips.com/resort/royalton-riviera-cancun-an-autograph-collection-all-inclusive-resort-and-casino","true"
"https://kindredtrips.com/resort/royalton-saint-lucia-an-autograph-collection","resort","true","index, follow, max-image-preview:large","https://kindredtrips.com/resort/royalton-saint-lucia-an-autograph-collection","true"
"https://kindredtrips.com/resort/royalton-splash-punta-cana-an-autograph-collection-resort-and-casino","resort","true","index, follow, max-image-preview:large","https://kindredtrips.com/resort/royalton-splash-punta-cana-an-autograph-collection-resort-and-casino","true"
"https://kindredtrips.com/resort/royalton-splash-riviera-cancun-an-autograph-collection-all-inclusive-resort","resort","true","index, follow, max-image-preview:large","https://kindredtrips.com/resort/royalton-splash-riviera-cancun-an-autograph-collection-all-inclusive-resort","true"
"https://kindredtrips.com/resort/royalton-vessence-barbados-june-1","resort","false","noindex, follow","https://kindredtrips.com/resort/royalton-vessence-barbados-june-1","false"
"https://kindredtrips.com/resort/royalton-vessence-cancun","resort","false","noindex, follow","https://kindredtrips.com/resort/royalton-vessence-cancun","false"
"https://kindredtrips.com/resort/s-hotel-montego-bay","resort","true","index, follow, max-image-preview:large","https://kindredtrips.com/resort/s-hotel-montego-bay","true"
"https://kindredtrips.com/resort/sailrock-south-caicos","resort","true","index, follow, max-image-preview:large","https://kindredtrips.com/resort/sailrock-south-caicos","true"
"https://kindredtrips.com/resort/samba-vallarta-all-inclusive","resort","true","index, follow, max-image-preview:large","https://kindredtrips.com/resort/samba-vallarta-all-inclusive","true"
"https://kindredtrips.com/resort/samsara-cliffs-resort","resort","true","index, follow, max-image-preview:large","https://kindredtrips.com/resort/samsara-cliffs-resort","true"
"https://kindredtrips.com/resort/sanctuary-cap-cana-a-luxury-collection-resort-dominican-republic-adult-all-inclu","resort","false","noindex, follow","https://kindredtrips.com/resort/sanctuary-cap-cana-a-luxury-collection-resort-dominican-republic-adult-all-inclu","false"
"https://kindredtrips.com/resort/sandals-dunn-s-river","resort","false","noindex, follow","https://kindredtrips.com/resort/sandals-dunn-s-river","false"
"https://kindredtrips.com/resort/sandals-emerald-bay","resort","false","noindex, follow","https://kindredtrips.com/resort/sandals-emerald-bay","false"
"https://kindredtrips.com/resort/sandals-grande-antigua-resort-and-spa","resort","false","noindex, follow","https://kindredtrips.com/resort/sandals-grande-antigua-resort-and-spa","false"
"https://kindredtrips.com/resort/sandals-grande-st-lucian","resort","false","noindex, follow","https://kindredtrips.com/resort/sandals-grande-st-lucian","false"
"https://kindredtrips.com/resort/sandals-grenada","resort","false","noindex, follow","https://kindredtrips.com/resort/sandals-grenada","false"
"https://kindredtrips.com/resort/sandals-halcyon-beach","resort","false","noindex, follow","https://kindredtrips.com/resort/sandals-halcyon-beach","false"
"https://kindredtrips.com/resort/sandals-montego-bay-may-30","resort","false","noindex, follow","https://kindredtrips.com/resort/sandals-montego-bay-may-30","false"
"https://kindredtrips.com/resort/sandals-negril","resort","false","noindex, follow","https://kindredtrips.com/resort/sandals-negril","false"
"https://kindredtrips.com/resort/sandals-ochi-beach-resort","resort","false","noindex, follow","https://kindredtrips.com/resort/sandals-ochi-beach-resort","false"
"https://kindredtrips.com/resort/sandals-regency-la-toc","resort","false","noindex, follow","https://kindredtrips.com/resort/sandals-regency-la-toc","false"
"https://kindredtrips.com/resort/sandals-royal-bahamian","resort","false","noindex, follow","https://kindredtrips.com/resort/sandals-royal-bahamian","false"
"https://kindredtrips.com/resort/sandals-royal-caribbean-may-30","resort","false","noindex, follow","https://kindredtrips.com/resort/sandals-royal-caribbean-may-30","false"
"https://kindredtrips.com/resort/sandals-royal-curacao","resort","false","noindex, follow","https://kindredtrips.com/resort/sandals-royal-curacao","false"
"https://kindredtrips.com/resort/sandals-royal-dunn-s-river","resort","false","noindex, follow","https://kindredtrips.com/resort/sandals-royal-dunn-s-river","false"
"https://kindredtrips.com/resort/sandals-royal-plantation","resort","false","noindex, follow","https://kindredtrips.com/resort/sandals-royal-plantation","false"
"https://kindredtrips.com/resort/sandals-saint-vincent","resort","false","noindex, follow","https://kindredtrips.com/resort/sandals-saint-vincent","false"
"https://kindredtrips.com/resort/sandals-south-coast-may-30","resort","false","noindex, follow","https://kindredtrips.com/resort/sandals-south-coast-may-30","false"
"https://kindredtrips.com/resort/sandos-cancun","resort","false","noindex, follow","https://kindredtrips.com/resort/sandos-cancun","false"
"https://kindredtrips.com/resort/sandos-caracol-nature-resort-and-water-park","resort","true","index, follow, max-image-preview:large","https://kindredtrips.com/resort/sandos-caracol-nature-resort-and-water-park","true"
"https://kindredtrips.com/resort/sandos-finisterra","resort","true","index, follow, max-image-preview:large","https://kindredtrips.com/resort/sandos-finisterra","true"
"https://kindredtrips.com/resort/sandos-playacar","resort","true","index, follow, max-image-preview:large","https://kindredtrips.com/resort/sandos-playacar","true"
"https://kindredtrips.com/resort/sansara-surf-and-yoga-resort","resort","false","noindex, follow","https://kindredtrips.com/resort/sansara-surf-and-yoga-resort","false"
"https://kindredtrips.com/resort/savannah-beach-club-hotel-and-spa","resort","true","index, follow, max-image-preview:large","https://kindredtrips.com/resort/savannah-beach-club-hotel-and-spa","true"
"https://kindredtrips.com/resort/scuba-club-cozumel","resort","false","noindex, follow","https://kindredtrips.com/resort/scuba-club-cozumel","false"
"https://kindredtrips.com/resort/sea-breeze-beach-house","resort","true","index, follow, max-image-preview:large","https://kindredtrips.com/resort/sea-breeze-beach-house","true"
"https://kindredtrips.com/resort/seadust-cancun-family-resort","resort","true","index, follow, max-image-preview:large","https://kindredtrips.com/resort/seadust-cancun-family-resort","true"
"https://kindredtrips.com/resort/seagarden-beach-resort","resort","true","index, follow, max-image-preview:large","https://kindredtrips.com/resort/seagarden-beach-resort","true"
"https://kindredtrips.com/resort/secrets-akumal-riviera-maya","resort","false","noindex, follow","https://kindredtrips.com/resort/secrets-akumal-riviera-maya","false"
"https://kindredtrips.com/resort/secrets-aura-cozumel","resort","false","noindex, follow","https://kindredtrips.com/resort/secrets-aura-cozumel","false"
"https://kindredtrips.com/resort/secrets-baby-beach-aruba","resort","false","noindex, follow","https://kindredtrips.com/resort/secrets-baby-beach-aruba","false"
"https://kindredtrips.com/resort/secrets-bahia-mita-surf-and-spa-resort","resort","false","noindex, follow","https://kindredtrips.com/resort/secrets-bahia-mita-surf-and-spa-resort","false"
"https://kindredtrips.com/resort/secrets-cap-cana-resort-and-spa","resort","false","noindex, follow","https://kindredtrips.com/resort/secrets-cap-cana-resort-and-spa","false"
"https://kindredtrips.com/resort/secrets-huatulco-resort-and-spa","resort","false","noindex, follow","https://kindredtrips.com/resort/secrets-huatulco-resort-and-spa","false"
"https://kindredtrips.com/resort/secrets-la-romana-resort-and-spa","resort","false","noindex, follow","https://kindredtrips.com/resort/secrets-la-romana-resort-and-spa","false"
"https://kindredtrips.com/resort/secrets-maroma-beach-riviera-cancun","resort","false","noindex, follow","https://kindredtrips.com/resort/secrets-maroma-beach-riviera-cancun","false"
"https://kindredtrips.com/resort/secrets-mirabel-cancun-resort-and-spa","resort","false","noindex, follow","https://kindredtrips.com/resort/secrets-mirabel-cancun-resort-and-spa","false"
"https://kindredtrips.com/resort/secrets-papagayo-costa-rica","resort","false","noindex, follow","https://kindredtrips.com/resort/secrets-papagayo-costa-rica","false"
"https://kindredtrips.com/resort/secrets-playa-esmeralda-resort-and-spa","resort","false","noindex, follow","https://kindredtrips.com/resort/secrets-playa-esmeralda-resort-and-spa","false"
"https://kindredtrips.com/resort/secrets-puerto-los-cabos-golf-and-spa-resort","resort","false","noindex, follow","https://kindredtrips.com/resort/secrets-puerto-los-cabos-golf-and-spa-resort","false"
"https://kindredtrips.com/resort/secrets-riviera-cancun-resort-and-spa","resort","false","noindex, follow","https://kindredtrips.com/resort/secrets-riviera-cancun-resort-and-spa","false"
"https://kindredtrips.com/resort/secrets-royal-beach-punta-cana","resort","false","noindex, follow","https://kindredtrips.com/resort/secrets-royal-beach-punta-cana","false"
"https://kindredtrips.com/resort/secrets-saint-martin-resort-and-spa","resort","false","noindex, follow","https://kindredtrips.com/resort/secrets-saint-martin-resort-and-spa","false"
"https://kindredtrips.com/resort/secrets-st-james-montego-bay-nov-1","resort","false","noindex, follow","https://kindredtrips.com/resort/secrets-st-james-montego-bay-nov-1","false"
"https://kindredtrips.com/resort/secrets-st-lucia-resort-and-spa","resort","false","noindex, follow","https://kindredtrips.com/resort/secrets-st-lucia-resort-and-spa","false"
"https://kindredtrips.com/resort/secrets-the-vine-cancun","resort","false","noindex, follow","https://kindredtrips.com/resort/secrets-the-vine-cancun","false"
"https://kindredtrips.com/resort/secrets-tide-punta-cana","resort","false","noindex, follow","https://kindredtrips.com/resort/secrets-tide-punta-cana","false"
"https://kindredtrips.com/resort/secrets-tulum-resort-and-beach-club","resort","false","noindex, follow","https://kindredtrips.com/resort/secrets-tulum-resort-and-beach-club","false"
"https://kindredtrips.com/resort/secrets-vallarta-bay-puerto-vallarta","resort","false","noindex, follow","https://kindredtrips.com/resort/secrets-vallarta-bay-puerto-vallarta","false"
"https://kindredtrips.com/resort/secrets-wild-orchid-montego-bay-nov-1","resort","false","noindex, follow","https://kindredtrips.com/resort/secrets-wild-orchid-montego-bay-nov-1","false"
"https://kindredtrips.com/resort/senator-puerto-plata-spa-resort","resort","true","index, follow, max-image-preview:large","https://kindredtrips.com/resort/senator-puerto-plata-spa-resort","true"
"https://kindredtrips.com/resort/senses-riviera-maya-by-artisan","resort","false","noindex, follow","https://kindredtrips.com/resort/senses-riviera-maya-by-artisan","false"
"https://kindredtrips.com/resort/sensira-resort-and-spa-riviera-maya","resort","true","index, follow, max-image-preview:large","https://kindredtrips.com/resort/sensira-resort-and-spa-riviera-maya","true"
"https://kindredtrips.com/resort/serenade-all-suites-adults-only-resort","resort","false","noindex, follow","https://kindredtrips.com/resort/serenade-all-suites-adults-only-resort","false"
"https://kindredtrips.com/resort/serenade-punta-cana-beach-and-spa-resort","resort","true","index, follow, max-image-preview:large","https://kindredtrips.com/resort/serenade-punta-cana-beach-and-spa-resort","true"
"https://kindredtrips.com/resort/serenity-at-coconut-bay","resort","false","noindex, follow","https://kindredtrips.com/resort/serenity-at-coconut-bay","false"
"https://kindredtrips.com/resort/sheraton-buganvilias-resort-and-convention-center","resort","true","index, follow, max-image-preview:large","https://kindredtrips.com/resort/sheraton-buganvilias-resort-and-convention-center","true"
"https://kindredtrips.com/resort/sls-playa-mujeres","resort","true","index, follow, max-image-preview:large","https://kindredtrips.com/resort/sls-playa-mujeres","true"
"https://kindredtrips.com/resort/small-hope-bay-lodge","resort","true","index, follow, max-image-preview:large","https://kindredtrips.com/resort/small-hope-bay-lodge","true"
"https://kindredtrips.com/resort/solmar-resort","resort","true","index, follow, max-image-preview:large","https://kindredtrips.com/resort/solmar-resort","true"
"https://kindredtrips.com/resort/sonesta-maho-beach-resort-casino-and-spa-st-maarten","resort","true","index, follow, max-image-preview:large","https://kindredtrips.com/resort/sonesta-maho-beach-resort-casino-and-spa-st-maarten","true"
"https://kindredtrips.com/resort/spice-island-beach-resort","resort","true","index, follow, max-image-preview:large","https://kindredtrips.com/resort/spice-island-beach-resort","true"
"https://kindredtrips.com/resort/sports-illustrated-resorts-marina-and-villas-cap-cana","resort","true","index, follow, max-image-preview:large","https://kindredtrips.com/resort/sports-illustrated-resorts-marina-and-villas-cap-cana","true"
"https://kindredtrips.com/resort/st-james-club-and-villas","resort","true","index, follow, max-image-preview:large","https://kindredtrips.com/resort/st-james-club-and-villas","true"
"https://kindredtrips.com/resort/stolentime-st-lucia","resort","false","noindex, follow","https://kindredtrips.com/resort/stolentime-st-lucia","false"
"https://kindredtrips.com/resort/stonefield-villa-resort","resort","false","noindex, follow","https://kindredtrips.com/resort/stonefield-villa-resort","false"
"https://kindredtrips.com/resort/sugar-bay-barbados","resort","true","index, follow, max-image-preview:large","https://kindredtrips.com/resort/sugar-bay-barbados","true"
"https://kindredtrips.com/resort/sugar-beach-a-viceroy-resort","resort","true","index, follow, max-image-preview:large","https://kindredtrips.com/resort/sugar-beach-a-viceroy-resort","true"
"https://kindredtrips.com/resort/sugar-cane-club-hotel-and-spa","resort","false","noindex, follow","https://kindredtrips.com/resort/sugar-cane-club-hotel-and-spa","false"
"https://kindredtrips.com/resort/sugar-mill-hotel","resort","false","noindex, follow","https://kindredtrips.com/resort/sugar-mill-hotel","false"
"https://kindredtrips.com/resort/sun-palace-cancun","resort","false","noindex, follow","https://kindredtrips.com/resort/sun-palace-cancun","false"
"https://kindredtrips.com/resort/sunscape-cancun-resort-and-spa","resort","true","index, follow, max-image-preview:large","https://kindredtrips.com/resort/sunscape-cancun-resort-and-spa","true"
"https://kindredtrips.com/resort/sunscape-coco-punta-cana","resort","true","index, follow, max-image-preview:large","https://kindredtrips.com/resort/sunscape-coco-punta-cana","true"
"https://kindredtrips.com/resort/sunscape-curacao-resort-spa-and-casino","resort","true","index, follow, max-image-preview:large","https://kindredtrips.com/resort/sunscape-curacao-resort-spa-and-casino","true"
"https://kindredtrips.com/resort/sunscape-dominicus-la-romana","resort","true","index, follow, max-image-preview:large","https://kindredtrips.com/resort/sunscape-dominicus-la-romana","true"
"https://kindredtrips.com/resort/sunscape-dorado-pacifico-ixtapa","resort","true","index, follow, max-image-preview:large","https://kindredtrips.com/resort/sunscape-dorado-pacifico-ixtapa","true"
"https://kindredtrips.com/resort/sunscape-puerto-plata","resort","true","index, follow, max-image-preview:large","https://kindredtrips.com/resort/sunscape-puerto-plata","true"
"https://kindredtrips.com/resort/sunscape-puerto-vallarta-resort-and-spa","resort","true","index, follow, max-image-preview:large","https://kindredtrips.com/resort/sunscape-puerto-vallarta-resort-and-spa","true"
"https://kindredtrips.com/resort/sunset-at-the-palms","resort","false","noindex, follow","https://kindredtrips.com/resort/sunset-at-the-palms","false"
"https://kindredtrips.com/resort/sunset-beach-resort-spa-and-waterpark","resort","false","noindex, follow","https://kindredtrips.com/resort/sunset-beach-resort-spa-and-waterpark","false"
"https://kindredtrips.com/resort/sunset-fishermen-beach-resort","resort","true","index, follow, max-image-preview:large","https://kindredtrips.com/resort/sunset-fishermen-beach-resort","true"
"https://kindredtrips.com/resort/sunset-marina-resort-and-yacht-club","resort","true","index, follow, max-image-preview:large","https://kindredtrips.com/resort/sunset-marina-resort-and-yacht-club","true"
"https://kindredtrips.com/resort/sunset-plaza-beach-resort","resort","true","index, follow, max-image-preview:large","https://kindredtrips.com/resort/sunset-plaza-beach-resort","true"
"https://kindredtrips.com/resort/sunset-royal-beach-resort","resort","true","index, follow, max-image-preview:large","https://kindredtrips.com/resort/sunset-royal-beach-resort","true"
"https://kindredtrips.com/resort/surf-synergy","resort","true","index, follow, max-image-preview:large","https://kindredtrips.com/resort/surf-synergy","true"
"https://kindredtrips.com/resort/tamarijn-aruba-all-inclusive","resort","true","index, follow, max-image-preview:large","https://kindredtrips.com/resort/tamarijn-aruba-all-inclusive","true"
"https://kindredtrips.com/resort/tamarind-barbados-an-autograph-collection-all-inclusive-resort","resort","true","index, follow, max-image-preview:large","https://kindredtrips.com/resort/tamarind-barbados-an-autograph-collection-all-inclusive-resort","true"
"https://kindredtrips.com/resort/temptation-cancun-resort","resort","false","noindex, follow","https://kindredtrips.com/resort/temptation-cancun-resort","false"
"https://kindredtrips.com/resort/tesoro-ixtapa","resort","true","index, follow, max-image-preview:large","https://kindredtrips.com/resort/tesoro-ixtapa","true"
"https://kindredtrips.com/resort/thatch-caye-a-muy-ono-resort","resort","true","index, follow, max-image-preview:large","https://kindredtrips.com/resort/thatch-caye-a-muy-ono-resort","true"
"https://kindredtrips.com/resort/the-abidah-by-accra","resort","false","noindex, follow","https://kindredtrips.com/resort/the-abidah-by-accra","false"
"https://kindredtrips.com/resort/the-aerial-bvi-all-inclusive-private-island","resort","true","index, follow, max-image-preview:large","https://kindredtrips.com/resort/the-aerial-bvi-all-inclusive-private-island","true"
"https://kindredtrips.com/resort/the-beachfront-by-the-fives-hotels","resort","false","noindex, follow","https://kindredtrips.com/resort/the-beachfront-by-the-fives-hotels","false"
"https://kindredtrips.com/resort/the-caves","resort","false","noindex, follow","https://kindredtrips.com/resort/the-caves","false"
"https://kindredtrips.com/resort/the-cliff-hotel","resort","true","index, follow, max-image-preview:large","https://kindredtrips.com/resort/the-cliff-hotel","true"
"https://kindredtrips.com/resort/the-club-barbados-resort-and-spa","resort","false","noindex, follow","https://kindredtrips.com/resort/the-club-barbados-resort-and-spa","false"
"https://kindredtrips.com/resort/the-coral-at-atlantis","resort","true","index, follow, max-image-preview:large","https://kindredtrips.com/resort/the-coral-at-atlantis","true"
"https://kindredtrips.com/resort/the-explorean-cozumel","resort","true","index, follow, max-image-preview:large","https://kindredtrips.com/resort/the-explorean-cozumel","true"
"https://kindredtrips.com/resort/the-explorean-kohunlich","resort","true","index, follow, max-image-preview:large","https://kindredtrips.com/resort/the-explorean-kohunlich","true"
"https://kindredtrips.com/resort/the-fives-beach-hotel-and-residences","resort","true","index, follow, max-image-preview:large","https://kindredtrips.com/resort/the-fives-beach-hotel-and-residences","true"
"https://kindredtrips.com/resort/the-fives-travelers-at-the-fives-beach-by-ypj-all-inclusive","resort","false","noindex, follow","https://kindredtrips.com/resort/the-fives-travelers-at-the-fives-beach-by-ypj-all-inclusive","false"
"https://kindredtrips.com/resort/the-grand-mayan-at-vidanta-acapulco","resort","true","index, follow, max-image-preview:large","https://kindredtrips.com/resort/the-grand-mayan-at-vidanta-acapulco","true"
"https://kindredtrips.com/resort/the-grand-mayan-at-vidanta-nuevo-vallarta","resort","true","index, follow, max-image-preview:large","https://kindredtrips.com/resort/the-grand-mayan-at-vidanta-nuevo-vallarta","true"
"https://kindredtrips.com/resort/the-house-barbados-an-autograph-collection-all-inclusive-resort-adults-only","resort","false","noindex, follow","https://kindredtrips.com/resort/the-house-barbados-an-autograph-collection-all-inclusive-resort-adults-only","false"
"https://kindredtrips.com/resort/the-landings-resort-and-spa-st-lucia","resort","true","index, follow, max-image-preview:large","https://kindredtrips.com/resort/the-landings-resort-and-spa-st-lucia","true"
"https://kindredtrips.com/resort/the-ocean-club-a-luxury-collection-resort-costa-norte","resort","true","index, follow, max-image-preview:large","https://kindredtrips.com/resort/the-ocean-club-a-luxury-collection-resort-costa-norte","true"
"https://kindredtrips.com/resort/the-palm-at-playa","resort","false","noindex, follow","https://kindredtrips.com/resort/the-palm-at-playa","false"
"https://kindredtrips.com/resort/the-pyramid-cancun","resort","true","index, follow, max-image-preview:large","https://kindredtrips.com/resort/the-pyramid-cancun","true"
"https://kindredtrips.com/resort/the-reef-28","resort","false","noindex, follow","https://kindredtrips.com/resort/the-reef-28","false"
"https://kindredtrips.com/resort/the-reef-coco-beach","resort","true","index, follow, max-image-preview:large","https://kindredtrips.com/resort/the-reef-coco-beach","true"
"https://kindredtrips.com/resort/the-reef-playacar","resort","true","index, follow, max-image-preview:large","https://kindredtrips.com/resort/the-reef-playacar","true"
"https://kindredtrips.com/resort/the-rif-at-mangrove-beach-corendon-curacao-all-inclusive-curio-by-hilton","resort","true","index, follow, max-image-preview:large","https://kindredtrips.com/resort/the-rif-at-mangrove-beach-corendon-curacao-all-inclusive-curio-by-hilton","true"
"https://kindredtrips.com/resort/the-royal-at-atlantis","resort","true","index, follow, max-image-preview:large","https://kindredtrips.com/resort/the-royal-at-atlantis","true"
"https://kindredtrips.com/resort/the-royal-cancun-all-suites-resort","resort","true","index, follow, max-image-preview:large","https://kindredtrips.com/resort/the-royal-cancun-all-suites-resort","true"
"https://kindredtrips.com/resort/the-royal-haciendas-all-suites-resort-and-spa","resort","true","index, follow, max-image-preview:large","https://kindredtrips.com/resort/the-royal-haciendas-all-suites-resort-and-spa","true"
"https://kindredtrips.com/resort/the-royal-sands-all-suites-resort-and-spa","resort","true","index, follow, max-image-preview:large","https://kindredtrips.com/resort/the-royal-sands-all-suites-resort-and-spa","true"
"https://kindredtrips.com/resort/the-royal-suites","resort","true","index, follow, max-image-preview:large","https://kindredtrips.com/resort/the-royal-suites","true"
"https://kindredtrips.com/resort/the-sands-barbados","resort","true","index, follow, max-image-preview:large","https://kindredtrips.com/resort/the-sands-barbados","true"
"https://kindredtrips.com/resort/the-sens-cancun-adults-only-all-inclusive-resort-tapestry-by-hilton","resort","false","noindex, follow","https://kindredtrips.com/resort/the-sens-cancun-adults-only-all-inclusive-resort-tapestry-by-hilton","false"
"https://kindredtrips.com/resort/the-sens-cancun","resort","true","index, follow, max-image-preview:large","https://kindredtrips.com/resort/the-sens-cancun","true"
"https://kindredtrips.com/resort/the-soco-hotel","resort","false","noindex, follow","https://kindredtrips.com/resort/the-soco-hotel","false"
"https://kindredtrips.com/resort/the-soco-house","resort","false","noindex, follow","https://kindredtrips.com/resort/the-soco-house","false"
"https://kindredtrips.com/resort/the-tower-by-temptation-cancun-resort","resort","false","noindex, follow","https://kindredtrips.com/resort/the-tower-by-temptation-cancun-resort","false"
"https://kindredtrips.com/resort/the-towers-at-pacifica-at-pueblo-bonito-pacifica-golf-and-spa-resort","resort","false","noindex, follow","https://kindredtrips.com/resort/the-towers-at-pacifica-at-pueblo-bonito-pacifica-golf-and-spa-resort","false"
"https://kindredtrips.com/resort/the-verandah-antigua","resort","false","noindex, follow","https://kindredtrips.com/resort/the-verandah-antigua","false"
"https://kindredtrips.com/resort/the-westin-playa-bonita-panama","resort","true","index, follow, max-image-preview:large","https://kindredtrips.com/resort/the-westin-playa-bonita-panama","true"
"https://kindredtrips.com/resort/the-westin-playa-vallarta-an-all-inclusive-resort","resort","true","index, follow, max-image-preview:large","https://kindredtrips.com/resort/the-westin-playa-vallarta-an-all-inclusive-resort","true"
"https://kindredtrips.com/resort/the-westin-reserva-conchal-an-all-inclusive-golf-resort-and-spa","resort","true","index, follow, max-image-preview:large","https://kindredtrips.com/resort/the-westin-reserva-conchal-an-all-inclusive-golf-resort-and-spa","true"
"https://kindredtrips.com/resort/ti-kaye-resort-and-spa","resort","false","noindex, follow","https://kindredtrips.com/resort/ti-kaye-resort-and-spa","false"
"https://kindredtrips.com/resort/treasure-beach-art-hotel-barbados-an-autograph-collection-all-inclusive-resort","resort","false","noindex, follow","https://kindredtrips.com/resort/treasure-beach-art-hotel-barbados-an-autograph-collection-all-inclusive-resort","false"
"https://kindredtrips.com/resort/tribe-resorts","resort","true","index, follow, max-image-preview:large","https://kindredtrips.com/resort/tribe-resorts","true"
"https://kindredtrips.com/resort/tropical-deluxe-princess","resort","true","index, follow, max-image-preview:large","https://kindredtrips.com/resort/tropical-deluxe-princess","true"
"https://kindredtrips.com/resort/trs-cap-cana-waterfront-and-marina-hotel","resort","false","noindex, follow","https://kindredtrips.com/resort/trs-cap-cana-waterfront-and-marina-hotel","false"
"https://kindredtrips.com/resort/trs-coral-hotel","resort","false","noindex, follow","https://kindredtrips.com/resort/trs-coral-hotel","false"
"https://kindredtrips.com/resort/trs-turquesa-hotel","resort","false","noindex, follow","https://kindredtrips.com/resort/trs-turquesa-hotel","false"
"https://kindredtrips.com/resort/trs-yucatan-hotel","resort","false","noindex, follow","https://kindredtrips.com/resort/trs-yucatan-hotel","false"
"https://kindredtrips.com/resort/turneffe-island-resort","resort","false","noindex, follow","https://kindredtrips.com/resort/turneffe-island-resort","false"
"https://kindredtrips.com/resort/turquoize-at-hyatt-ziva-cancun","resort","false","noindex, follow","https://kindredtrips.com/resort/turquoize-at-hyatt-ziva-cancun","false"
"https://kindredtrips.com/resort/turtle-beach-by-elegant-hotels","resort","true","index, follow, max-image-preview:large","https://kindredtrips.com/resort/turtle-beach-by-elegant-hotels","true"
"https://kindredtrips.com/resort/u-by-grand-fiesta-americana","resort","true","index, follow, max-image-preview:large","https://kindredtrips.com/resort/u-by-grand-fiesta-americana","true"
"https://kindredtrips.com/resort/unico-18-77-montego-bay","resort","false","noindex, follow","https://kindredtrips.com/resort/unico-18-77-montego-bay","false"
"https://kindredtrips.com/resort/unico-20-87-hotel-riviera-maya","resort","false","noindex, follow","https://kindredtrips.com/resort/unico-20-87-hotel-riviera-maya","false"
"https://kindredtrips.com/resort/unico-hotel-riviera-nayarit","resort","false","noindex, follow","https://kindredtrips.com/resort/unico-hotel-riviera-nayarit","false"
"https://kindredtrips.com/resort/valentin-imperial-riviera-maya","resort","false","noindex, follow","https://kindredtrips.com/resort/valentin-imperial-riviera-maya","false"
"https://kindredtrips.com/resort/vamar-vallarta-all-inclusive-marina-and-beach-resort","resort","true","index, follow, max-image-preview:large","https://kindredtrips.com/resort/vamar-vallarta-all-inclusive-marina-and-beach-resort","true"
"https://kindredtrips.com/resort/velas-vallarta","resort","true","index, follow, max-image-preview:large","https://kindredtrips.com/resort/velas-vallarta","true"
"https://kindredtrips.com/resort/ventus-at-marina-el-cid-spa-and-beach-resort","resort","true","index, follow, max-image-preview:large","https://kindredtrips.com/resort/ventus-at-marina-el-cid-spa-and-beach-resort","true"
"https://kindredtrips.com/resort/vh-atmosphere-adults-only-resort-and-beach-club","resort","false","noindex, follow","https://kindredtrips.com/resort/vh-atmosphere-adults-only-resort-and-beach-club","false"
"https://kindredtrips.com/resort/viceroy-riviera-maya-a-luxury-villa-resort","resort","false","noindex, follow","https://kindredtrips.com/resort/viceroy-riviera-maya-a-luxury-villa-resort","false"
"https://kindredtrips.com/resort/vik-hotel-arena-blanca","resort","true","index, follow, max-image-preview:large","https://kindredtrips.com/resort/vik-hotel-arena-blanca","true"
"https://kindredtrips.com/resort/vik-hotel-cayena-beach","resort","true","index, follow, max-image-preview:large","https://kindredtrips.com/resort/vik-hotel-cayena-beach","true"
"https://kindredtrips.com/resort/villa-del-arco-beach-resort-and-spa","resort","true","index, follow, max-image-preview:large","https://kindredtrips.com/resort/villa-del-arco-beach-resort-and-spa","true"
"https://kindredtrips.com/resort/villa-del-palmar-at-the-islands-of-loreto-by-danzante-bay","resort","true","index, follow, max-image-preview:large","https://kindredtrips.com/resort/villa-del-palmar-at-the-islands-of-loreto-by-danzante-bay","true"
"https://kindredtrips.com/resort/villa-del-palmar-beach-resort-and-spa-cabo-san-lucas","resort","true","index, follow, max-image-preview:large","https://kindredtrips.com/resort/villa-del-palmar-beach-resort-and-spa-cabo-san-lucas","true"
"https://kindredtrips.com/resort/villa-del-palmar-cancun-luxury-beach-resort-and-spa","resort","true","index, follow, max-image-preview:large","https://kindredtrips.com/resort/villa-del-palmar-cancun-luxury-beach-resort-and-spa","true"
"https://kindredtrips.com/resort/villa-del-palmar-flamingos-beach-resort-and-spa","resort","true","index, follow, max-image-preview:large","https://kindredtrips.com/resort/villa-del-palmar-flamingos-beach-resort-and-spa","true"
"https://kindredtrips.com/resort/villa-la-estancia-beach-resort-and-spa-riviera-nayarit","resort","true","index, follow, max-image-preview:large","https://kindredtrips.com/resort/villa-la-estancia-beach-resort-and-spa-riviera-nayarit","true"
"https://kindredtrips.com/resort/villa-la-estancia-beach-resort-and-spa","resort","true","index, follow, max-image-preview:large","https://kindredtrips.com/resort/villa-la-estancia-beach-resort-and-spa","true"
"https://kindredtrips.com/resort/villa-la-valencia-beach-resort-and-spa-los-cabos","resort","true","index, follow, max-image-preview:large","https://kindredtrips.com/resort/villa-la-valencia-beach-resort-and-spa-los-cabos","true"
"https://kindredtrips.com/resort/villa-on-dunbar-rock","resort","false","noindex, follow","https://kindredtrips.com/resort/villa-on-dunbar-rock","false"
"https://kindredtrips.com/resort/villa-premiere-boutique-hotel-and-romantic-getaway","resort","false","noindex, follow","https://kindredtrips.com/resort/villa-premiere-boutique-hotel-and-romantic-getaway","false"
"https://kindredtrips.com/resort/villas-hm-palapas-del-mar","resort","true","index, follow, max-image-preview:large","https://kindredtrips.com/resort/villas-hm-palapas-del-mar","true"
"https://kindredtrips.com/resort/vista-sol-punta-cana-beach-resort-and-spa","resort","true","index, follow, max-image-preview:large","https://kindredtrips.com/resort/vista-sol-punta-cana-beach-resort-and-spa","true"
"https://kindredtrips.com/resort/viva-azteca-by-wyndham-a-trademark-all-inclusive-resort","resort","true","index, follow, max-image-preview:large","https://kindredtrips.com/resort/viva-azteca-by-wyndham-a-trademark-all-inclusive-resort","true"
"https://kindredtrips.com/resort/viva-dominicus-beach-by-wyndham-a-trademark-all-inclusive-resort","resort","true","index, follow, max-image-preview:large","https://kindredtrips.com/resort/viva-dominicus-beach-by-wyndham-a-trademark-all-inclusive-resort","true"
"https://kindredtrips.com/resort/viva-dominicus-palace-by-wyndham-a-trademark-all-inclusive","resort","true","index, follow, max-image-preview:large","https://kindredtrips.com/resort/viva-dominicus-palace-by-wyndham-a-trademark-all-inclusive","true"
"https://kindredtrips.com/resort/viva-fortuna-beach-by-wyndham-an-all-inclusive-resort","resort","true","index, follow, max-image-preview:large","https://kindredtrips.com/resort/viva-fortuna-beach-by-wyndham-an-all-inclusive-resort","true"
"https://kindredtrips.com/resort/viva-maya-by-wyndham-a-trademark-all-inclusive-resort","resort","true","index, follow, max-image-preview:large","https://kindredtrips.com/resort/viva-maya-by-wyndham-a-trademark-all-inclusive-resort","true"
"https://kindredtrips.com/resort/viva-miches-by-wyndham-a-trademark-all-inclusive-resort","resort","true","index, follow, max-image-preview:large","https://kindredtrips.com/resort/viva-miches-by-wyndham-a-trademark-all-inclusive-resort","true"
"https://kindredtrips.com/resort/viva-v-samana-by-wyndham-a-trademark-adults-all-inclusive","resort","false","noindex, follow","https://kindredtrips.com/resort/viva-v-samana-by-wyndham-a-trademark-adults-all-inclusive","false"
"https://kindredtrips.com/resort/viva-wyndham-tangerine","resort","true","index, follow, max-image-preview:large","https://kindredtrips.com/resort/viva-wyndham-tangerine","true"
"https://kindredtrips.com/resort/viva-wyndham-v-heavens","resort","false","noindex, follow","https://kindredtrips.com/resort/viva-wyndham-v-heavens","false"
"https://kindredtrips.com/resort/w-all-inclusive-costa-mujeres","resort","false","noindex, follow","https://kindredtrips.com/resort/w-all-inclusive-costa-mujeres","false"
"https://kindredtrips.com/resort/w-punta-cana-adult-all-inclusive","resort","false","noindex, follow","https://kindredtrips.com/resort/w-punta-cana-adult-all-inclusive","false"
"https://kindredtrips.com/resort/warwick-paradise-island-bahamas","resort","false","noindex, follow","https://kindredtrips.com/resort/warwick-paradise-island-bahamas","false"
"https://kindredtrips.com/resort/waves-resort-and-spa-an-autograph-collection-all-inclusive-resort","resort","true","index, follow, max-image-preview:large","https://kindredtrips.com/resort/waves-resort-and-spa-an-autograph-collection-all-inclusive-resort","true"
"https://kindredtrips.com/resort/whala-bavaro","resort","true","index, follow, max-image-preview:large","https://kindredtrips.com/resort/whala-bavaro","true"
"https://kindredtrips.com/resort/whala-bocachica","resort","true","index, follow, max-image-preview:large","https://kindredtrips.com/resort/whala-bocachica","true"
"https://kindredtrips.com/resort/windjammer-landing-resort-and-residences","resort","true","index, follow, max-image-preview:large","https://kindredtrips.com/resort/windjammer-landing-resort-and-residences","true"
"https://kindredtrips.com/resort/wyndham-alltra-punta-cana","resort","true","index, follow, max-image-preview:large","https://kindredtrips.com/resort/wyndham-alltra-punta-cana","true"
"https://kindredtrips.com/resort/wyndham-alltra-samana","resort","true","index, follow, max-image-preview:large","https://kindredtrips.com/resort/wyndham-alltra-samana","true"
"https://kindredtrips.com/resort/wyndham-grand-barbados-sam-lords-castle-all-inclusive-resort","resort","true","index, follow, max-image-preview:large","https://kindredtrips.com/resort/wyndham-grand-barbados-sam-lords-castle-all-inclusive-resort","true"
"https://kindredtrips.com/resort/wyndham-grand-cancun-all-inclusive-resort-and-villas","resort","true","index, follow, max-image-preview:large","https://kindredtrips.com/resort/wyndham-grand-cancun-all-inclusive-resort-and-villas","true"
"https://kindredtrips.com/resort/wyndham-reef-resort","resort","true","index, follow, max-image-preview:large","https://kindredtrips.com/resort/wyndham-reef-resort","true"
"https://kindredtrips.com/resort/zel-punta-cana","resort","true","index, follow, max-image-preview:large","https://kindredtrips.com/resort/zel-punta-cana","true"
"https://kindredtrips.com/resort/zemi-miches-punta-cana-all-inclusive-resort-curio-collection-by-hilton","resort","true","index, follow, max-image-preview:large","https://kindredtrips.com/resort/zemi-miches-punta-cana-all-inclusive-resort-curio-collection-by-hilton","true"
"https://kindredtrips.com/resort/zoetry-agua-punta-cana","resort","true","index, follow, max-image-preview:large","https://kindredtrips.com/resort/zoetry-agua-punta-cana","true"
"https://kindredtrips.com/resort/zoetry-casa-del-mar-los-cabos","resort","true","index, follow, max-image-preview:large","https://kindredtrips.com/resort/zoetry-casa-del-mar-los-cabos","true"
"https://kindredtrips.com/resort/zoetry-curacao-resort-and-spa","resort","false","noindex, follow","https://kindredtrips.com/resort/zoetry-curacao-resort-and-spa","false"
"https://kindredtrips.com/resort/zoetry-marigot-bay-st-lucia","resort","true","index, follow, max-image-preview:large","https://kindredtrips.com/resort/zoetry-marigot-bay-st-lucia","true"
"https://kindredtrips.com/resort/zoetry-montego-bay-jamaica","resort","false","noindex, follow","https://kindredtrips.com/resort/zoetry-montego-bay-jamaica","false"
"https://kindredtrips.com/resort/zoetry-paraiso-de-la-bonita-riviera-maya","resort","true","index, follow, max-image-preview:large","https://kindredtrips.com/resort/zoetry-paraiso-de-la-bonita-riviera-maya","true"
"https://kindredtrips.com/resort/zoetry-villa-rolandi-isla-mujeres-cancun","resort","false","noindex, follow","https://kindredtrips.com/resort/zoetry-villa-rolandi-isla-mujeres-cancun","false"
"https://kindredtrips.com/caribbean/antigua-and-barbuda/all-inclusive-family-resorts","theme","true","index, follow, max-image-preview:large","https://kindredtrips.com/caribbean/antigua-and-barbuda/all-inclusive-family-resorts","true"
"https://kindredtrips.com/caribbean/antigua-and-barbuda/beachfront-resorts","theme","true","index, follow, max-image-preview:large","https://kindredtrips.com/caribbean/antigua-and-barbuda/beachfront-resorts","true"
"https://kindredtrips.com/caribbean/antigua-and-barbuda/infant-friendly-resorts","theme","true","index, follow, max-image-preview:large","https://kindredtrips.com/caribbean/antigua-and-barbuda/infant-friendly-resorts","true"
"https://kindredtrips.com/caribbean/antigua-and-barbuda/kids-club-resorts","theme","true","index, follow, max-image-preview:large","https://kindredtrips.com/caribbean/antigua-and-barbuda/kids-club-resorts","true"
"https://kindredtrips.com/caribbean/antigua-and-barbuda","country","true","index, follow, max-image-preview:large","https://kindredtrips.com/caribbean/antigua-and-barbuda","true"
"https://kindredtrips.com/caribbean/aruba/all-inclusive-family-resorts","theme","true","index, follow, max-image-preview:large","https://kindredtrips.com/caribbean/aruba/all-inclusive-family-resorts","true"
"https://kindredtrips.com/caribbean/aruba/beachfront-resorts","theme","true","index, follow, max-image-preview:large","https://kindredtrips.com/caribbean/aruba/beachfront-resorts","true"
"https://kindredtrips.com/caribbean/aruba/infant-friendly-resorts","theme","true","index, follow, max-image-preview:large","https://kindredtrips.com/caribbean/aruba/infant-friendly-resorts","true"
"https://kindredtrips.com/caribbean/aruba/kids-club-resorts","theme","true","index, follow, max-image-preview:large","https://kindredtrips.com/caribbean/aruba/kids-club-resorts","true"
"https://kindredtrips.com/caribbean/aruba","country","true","index, follow, max-image-preview:large","https://kindredtrips.com/caribbean/aruba","true"
"https://kindredtrips.com/caribbean/bahamas/beachfront-resorts","theme","true","index, follow, max-image-preview:large","https://kindredtrips.com/caribbean/bahamas/beachfront-resorts","true"
"https://kindredtrips.com/caribbean/bahamas/kids-club-resorts","theme","true","index, follow, max-image-preview:large","https://kindredtrips.com/caribbean/bahamas/kids-club-resorts","true"
"https://kindredtrips.com/caribbean/bahamas","country","true","index, follow, max-image-preview:large","https://kindredtrips.com/caribbean/bahamas","true"
"https://kindredtrips.com/caribbean/barbados/all-inclusive-family-resorts","theme","true","index, follow, max-image-preview:large","https://kindredtrips.com/caribbean/barbados/all-inclusive-family-resorts","true"
"https://kindredtrips.com/caribbean/barbados/beachfront-resorts","theme","true","index, follow, max-image-preview:large","https://kindredtrips.com/caribbean/barbados/beachfront-resorts","true"
"https://kindredtrips.com/caribbean/barbados/connecting-room-resorts","theme","true","index, follow, max-image-preview:large","https://kindredtrips.com/caribbean/barbados/connecting-room-resorts","true"
"https://kindredtrips.com/caribbean/barbados/infant-friendly-resorts","theme","true","index, follow, max-image-preview:large","https://kindredtrips.com/caribbean/barbados/infant-friendly-resorts","true"
"https://kindredtrips.com/caribbean/barbados/kids-club-resorts","theme","true","index, follow, max-image-preview:large","https://kindredtrips.com/caribbean/barbados/kids-club-resorts","true"
"https://kindredtrips.com/caribbean/barbados/large-family-resorts","theme","true","index, follow, max-image-preview:large","https://kindredtrips.com/caribbean/barbados/large-family-resorts","true"
"https://kindredtrips.com/caribbean/barbados/resorts-for-family-of-5","theme","true","index, follow, max-image-preview:large","https://kindredtrips.com/caribbean/barbados/resorts-for-family-of-5","true"
"https://kindredtrips.com/caribbean/barbados","country","true","index, follow, max-image-preview:large","https://kindredtrips.com/caribbean/barbados","true"
"https://kindredtrips.com/caribbean/belize","country","false","noindex, follow","https://kindredtrips.com/caribbean/belize","false"
"https://kindredtrips.com/caribbean/bermuda","country","false","noindex, follow","https://kindredtrips.com/caribbean/bermuda","false"
"https://kindredtrips.com/caribbean/best-all-inclusive-family-resorts","theme","true","index, follow, max-image-preview:large","https://kindredtrips.com/caribbean/best-all-inclusive-family-resorts","true"
"https://kindredtrips.com/caribbean/best-beachfront-resorts","theme","true","index, follow, max-image-preview:large","https://kindredtrips.com/caribbean/best-beachfront-resorts","true"
"https://kindredtrips.com/caribbean/best-connecting-room-resorts","theme","true","index, follow, max-image-preview:large","https://kindredtrips.com/caribbean/best-connecting-room-resorts","true"
"https://kindredtrips.com/caribbean/best-infant-friendly-resorts","theme","true","index, follow, max-image-preview:large","https://kindredtrips.com/caribbean/best-infant-friendly-resorts","true"
"https://kindredtrips.com/caribbean/best-kids-club-resorts","theme","true","index, follow, max-image-preview:large","https://kindredtrips.com/caribbean/best-kids-club-resorts","true"
"https://kindredtrips.com/caribbean/best-large-family-resorts","theme","true","index, follow, max-image-preview:large","https://kindredtrips.com/caribbean/best-large-family-resorts","true"
"https://kindredtrips.com/caribbean/best-resorts-for-family-of-5","theme","true","index, follow, max-image-preview:large","https://kindredtrips.com/caribbean/best-resorts-for-family-of-5","true"
"https://kindredtrips.com/caribbean/best-resorts-for-toddlers","theme","true","index, follow, max-image-preview:large","https://kindredtrips.com/caribbean/best-resorts-for-toddlers","true"
"https://kindredtrips.com/caribbean/best-water-park-resorts","theme","true","index, follow, max-image-preview:large","https://kindredtrips.com/caribbean/best-water-park-resorts","true"
"https://kindredtrips.com/caribbean/bonaire","country","false","noindex, follow","https://kindredtrips.com/caribbean/bonaire","false"
"https://kindredtrips.com/caribbean/british-virgin-islands","country","false","noindex, follow","https://kindredtrips.com/caribbean/british-virgin-islands","false"
"https://kindredtrips.com/caribbean/colombia/all-inclusive-family-resorts","theme","true","index, follow, max-image-preview:large","https://kindredtrips.com/caribbean/colombia/all-inclusive-family-resorts","true"
"https://kindredtrips.com/caribbean/colombia/beachfront-resorts","theme","true","index, follow, max-image-preview:large","https://kindredtrips.com/caribbean/colombia/beachfront-resorts","true"
"https://kindredtrips.com/caribbean/colombia/infant-friendly-resorts","theme","true","index, follow, max-image-preview:large","https://kindredtrips.com/caribbean/colombia/infant-friendly-resorts","true"
"https://kindredtrips.com/caribbean/colombia","country","true","index, follow, max-image-preview:large","https://kindredtrips.com/caribbean/colombia","true"
"https://kindredtrips.com/caribbean/costa-rica/all-inclusive-family-resorts","theme","true","index, follow, max-image-preview:large","https://kindredtrips.com/caribbean/costa-rica/all-inclusive-family-resorts","true"
"https://kindredtrips.com/caribbean/costa-rica/beachfront-resorts","theme","true","index, follow, max-image-preview:large","https://kindredtrips.com/caribbean/costa-rica/beachfront-resorts","true"
"https://kindredtrips.com/caribbean/costa-rica/connecting-room-resorts","theme","true","index, follow, max-image-preview:large","https://kindredtrips.com/caribbean/costa-rica/connecting-room-resorts","true"
"https://kindredtrips.com/caribbean/costa-rica/infant-friendly-resorts","theme","true","index, follow, max-image-preview:large","https://kindredtrips.com/caribbean/costa-rica/infant-friendly-resorts","true"
"https://kindredtrips.com/caribbean/costa-rica/kids-club-resorts","theme","true","index, follow, max-image-preview:large","https://kindredtrips.com/caribbean/costa-rica/kids-club-resorts","true"
"https://kindredtrips.com/caribbean/costa-rica/large-family-resorts","theme","true","index, follow, max-image-preview:large","https://kindredtrips.com/caribbean/costa-rica/large-family-resorts","true"
"https://kindredtrips.com/caribbean/costa-rica/resorts-for-family-of-5","theme","true","index, follow, max-image-preview:large","https://kindredtrips.com/caribbean/costa-rica/resorts-for-family-of-5","true"
"https://kindredtrips.com/caribbean/costa-rica","country","true","index, follow, max-image-preview:large","https://kindredtrips.com/caribbean/costa-rica","true"
"https://kindredtrips.com/caribbean/curacao/all-inclusive-family-resorts","theme","true","index, follow, max-image-preview:large","https://kindredtrips.com/caribbean/curacao/all-inclusive-family-resorts","true"
"https://kindredtrips.com/caribbean/curacao/beachfront-resorts","theme","true","index, follow, max-image-preview:large","https://kindredtrips.com/caribbean/curacao/beachfront-resorts","true"
"https://kindredtrips.com/caribbean/curacao/infant-friendly-resorts","theme","true","index, follow, max-image-preview:large","https://kindredtrips.com/caribbean/curacao/infant-friendly-resorts","true"
"https://kindredtrips.com/caribbean/curacao/resorts-for-family-of-5","theme","true","index, follow, max-image-preview:large","https://kindredtrips.com/caribbean/curacao/resorts-for-family-of-5","true"
"https://kindredtrips.com/caribbean/curacao","country","true","index, follow, max-image-preview:large","https://kindredtrips.com/caribbean/curacao","true"
"https://kindredtrips.com/caribbean/dominica","country","false","noindex, follow","https://kindredtrips.com/caribbean/dominica","false"
"https://kindredtrips.com/caribbean/dominican-republic/all-inclusive-family-resorts","theme","true","index, follow, max-image-preview:large","https://kindredtrips.com/caribbean/dominican-republic/all-inclusive-family-resorts","true"
"https://kindredtrips.com/caribbean/dominican-republic/beachfront-resorts","theme","true","index, follow, max-image-preview:large","https://kindredtrips.com/caribbean/dominican-republic/beachfront-resorts","true"
"https://kindredtrips.com/caribbean/dominican-republic/connecting-room-resorts","theme","true","index, follow, max-image-preview:large","https://kindredtrips.com/caribbean/dominican-republic/connecting-room-resorts","true"
"https://kindredtrips.com/caribbean/dominican-republic/infant-friendly-resorts","theme","true","index, follow, max-image-preview:large","https://kindredtrips.com/caribbean/dominican-republic/infant-friendly-resorts","true"
"https://kindredtrips.com/caribbean/dominican-republic/kids-club-resorts","theme","true","index, follow, max-image-preview:large","https://kindredtrips.com/caribbean/dominican-republic/kids-club-resorts","true"
"https://kindredtrips.com/caribbean/dominican-republic/large-family-resorts","theme","true","index, follow, max-image-preview:large","https://kindredtrips.com/caribbean/dominican-republic/large-family-resorts","true"
"https://kindredtrips.com/caribbean/dominican-republic/resorts-for-family-of-5","theme","true","index, follow, max-image-preview:large","https://kindredtrips.com/caribbean/dominican-republic/resorts-for-family-of-5","true"
"https://kindredtrips.com/caribbean/dominican-republic/resorts-for-toddlers","theme","true","index, follow, max-image-preview:large","https://kindredtrips.com/caribbean/dominican-republic/resorts-for-toddlers","true"
"https://kindredtrips.com/caribbean/dominican-republic/water-park-resorts","theme","true","index, follow, max-image-preview:large","https://kindredtrips.com/caribbean/dominican-republic/water-park-resorts","true"
"https://kindredtrips.com/caribbean/dominican-republic","country","true","index, follow, max-image-preview:large","https://kindredtrips.com/caribbean/dominican-republic","true"
"https://kindredtrips.com/caribbean/el-salvador","country","false","noindex, follow","https://kindredtrips.com/caribbean/el-salvador","false"
"https://kindredtrips.com/caribbean/grand-cayman","country","false","noindex, follow","https://kindredtrips.com/caribbean/grand-cayman","false"
"https://kindredtrips.com/caribbean/grenada","country","false","noindex, follow","https://kindredtrips.com/caribbean/grenada","false"
"https://kindredtrips.com/caribbean/guatemala","country","false","noindex, follow","https://kindredtrips.com/caribbean/guatemala","false"
"https://kindredtrips.com/caribbean/haiti","country","false","noindex, follow","https://kindredtrips.com/caribbean/haiti","false"
"https://kindredtrips.com/caribbean/honduras","country","true","index, follow, max-image-preview:large","https://kindredtrips.com/caribbean/honduras","true"
"https://kindredtrips.com/caribbean","index","true","index, follow, max-image-preview:large","https://kindredtrips.com/caribbean","true"
"https://kindredtrips.com/caribbean/jamaica/all-inclusive-family-resorts","theme","true","index, follow, max-image-preview:large","https://kindredtrips.com/caribbean/jamaica/all-inclusive-family-resorts","true"
"https://kindredtrips.com/caribbean/jamaica/beachfront-resorts","theme","true","index, follow, max-image-preview:large","https://kindredtrips.com/caribbean/jamaica/beachfront-resorts","true"
"https://kindredtrips.com/caribbean/jamaica/connecting-room-resorts","theme","true","index, follow, max-image-preview:large","https://kindredtrips.com/caribbean/jamaica/connecting-room-resorts","true"
"https://kindredtrips.com/caribbean/jamaica/infant-friendly-resorts","theme","true","index, follow, max-image-preview:large","https://kindredtrips.com/caribbean/jamaica/infant-friendly-resorts","true"
"https://kindredtrips.com/caribbean/jamaica/kids-club-resorts","theme","true","index, follow, max-image-preview:large","https://kindredtrips.com/caribbean/jamaica/kids-club-resorts","true"
"https://kindredtrips.com/caribbean/jamaica/large-family-resorts","theme","true","index, follow, max-image-preview:large","https://kindredtrips.com/caribbean/jamaica/large-family-resorts","true"
"https://kindredtrips.com/caribbean/jamaica/resorts-for-family-of-5","theme","true","index, follow, max-image-preview:large","https://kindredtrips.com/caribbean/jamaica/resorts-for-family-of-5","true"
"https://kindredtrips.com/caribbean/jamaica/water-park-resorts","theme","true","index, follow, max-image-preview:large","https://kindredtrips.com/caribbean/jamaica/water-park-resorts","true"
"https://kindredtrips.com/caribbean/jamaica","country","true","index, follow, max-image-preview:large","https://kindredtrips.com/caribbean/jamaica","true"
"https://kindredtrips.com/caribbean/martinique","country","false","noindex, follow","https://kindredtrips.com/caribbean/martinique","false"
"https://kindredtrips.com/caribbean/mexico/all-inclusive-family-resorts","theme","true","index, follow, max-image-preview:large","https://kindredtrips.com/caribbean/mexico/all-inclusive-family-resorts","true"
"https://kindredtrips.com/caribbean/mexico/beachfront-resorts","theme","true","index, follow, max-image-preview:large","https://kindredtrips.com/caribbean/mexico/beachfront-resorts","true"
"https://kindredtrips.com/caribbean/mexico/connecting-room-resorts","theme","true","index, follow, max-image-preview:large","https://kindredtrips.com/caribbean/mexico/connecting-room-resorts","true"
"https://kindredtrips.com/caribbean/mexico/infant-friendly-resorts","theme","true","index, follow, max-image-preview:large","https://kindredtrips.com/caribbean/mexico/infant-friendly-resorts","true"
"https://kindredtrips.com/caribbean/mexico/kids-club-resorts","theme","true","index, follow, max-image-preview:large","https://kindredtrips.com/caribbean/mexico/kids-club-resorts","true"
"https://kindredtrips.com/caribbean/mexico/large-family-resorts","theme","true","index, follow, max-image-preview:large","https://kindredtrips.com/caribbean/mexico/large-family-resorts","true"
"https://kindredtrips.com/caribbean/mexico/resorts-for-family-of-5","theme","true","index, follow, max-image-preview:large","https://kindredtrips.com/caribbean/mexico/resorts-for-family-of-5","true"
"https://kindredtrips.com/caribbean/mexico/water-park-resorts","theme","true","index, follow, max-image-preview:large","https://kindredtrips.com/caribbean/mexico/water-park-resorts","true"
"https://kindredtrips.com/caribbean/mexico","country","true","index, follow, max-image-preview:large","https://kindredtrips.com/caribbean/mexico","true"
"https://kindredtrips.com/caribbean/nicaragua","country","false","noindex, follow","https://kindredtrips.com/caribbean/nicaragua","false"
"https://kindredtrips.com/caribbean/panama","country","false","noindex, follow","https://kindredtrips.com/caribbean/panama","false"
"https://kindredtrips.com/caribbean/saint-croix","country","false","noindex, follow","https://kindredtrips.com/caribbean/saint-croix","false"
"https://kindredtrips.com/caribbean/saint-lucia/all-inclusive-family-resorts","theme","true","index, follow, max-image-preview:large","https://kindredtrips.com/caribbean/saint-lucia/all-inclusive-family-resorts","true"
"https://kindredtrips.com/caribbean/saint-lucia/beachfront-resorts","theme","true","index, follow, max-image-preview:large","https://kindredtrips.com/caribbean/saint-lucia/beachfront-resorts","true"
"https://kindredtrips.com/caribbean/saint-lucia/connecting-room-resorts","theme","true","index, follow, max-image-preview:large","https://kindredtrips.com/caribbean/saint-lucia/connecting-room-resorts","true"
"https://kindredtrips.com/caribbean/saint-lucia/infant-friendly-resorts","theme","true","index, follow, max-image-preview:large","https://kindredtrips.com/caribbean/saint-lucia/infant-friendly-resorts","true"
"https://kindredtrips.com/caribbean/saint-lucia/kids-club-resorts","theme","true","index, follow, max-image-preview:large","https://kindredtrips.com/caribbean/saint-lucia/kids-club-resorts","true"
"https://kindredtrips.com/caribbean/saint-lucia/large-family-resorts","theme","true","index, follow, max-image-preview:large","https://kindredtrips.com/caribbean/saint-lucia/large-family-resorts","true"
"https://kindredtrips.com/caribbean/saint-lucia/resorts-for-family-of-5","theme","true","index, follow, max-image-preview:large","https://kindredtrips.com/caribbean/saint-lucia/resorts-for-family-of-5","true"
"https://kindredtrips.com/caribbean/saint-lucia","country","true","index, follow, max-image-preview:large","https://kindredtrips.com/caribbean/saint-lucia","true"
"https://kindredtrips.com/caribbean/saint-martin","country","false","noindex, follow","https://kindredtrips.com/caribbean/saint-martin","false"
"https://kindredtrips.com/caribbean/saint-thomas","country","false","noindex, follow","https://kindredtrips.com/caribbean/saint-thomas","false"
"https://kindredtrips.com/caribbean/saint-vincent-and-the-grenadines","country","false","noindex, follow","https://kindredtrips.com/caribbean/saint-vincent-and-the-grenadines","false"
"https://kindredtrips.com/caribbean/turks-and-caicos/beachfront-resorts","theme","true","index, follow, max-image-preview:large","https://kindredtrips.com/caribbean/turks-and-caicos/beachfront-resorts","true"
"https://kindredtrips.com/caribbean/turks-and-caicos","country","true","index, follow, max-image-preview:large","https://kindredtrips.com/caribbean/turks-and-caicos","true"
"https://kindredtrips.com/from/atl/family-vacations","from","false","noindex, follow","https://kindredtrips.com/from/atl/family-vacations","false"
"https://kindredtrips.com/from/bna/family-vacations","from","false","noindex, follow","https://kindredtrips.com/from/bna/family-vacations","false"
"https://kindredtrips.com/from/clt/family-vacations","from","false","noindex, follow","https://kindredtrips.com/from/clt/family-vacations","false"
"https://kindredtrips.com/from/dfw/family-vacations","from","false","noindex, follow","https://kindredtrips.com/from/dfw/family-vacations","false"
"https://kindredtrips.com/from/iah/family-vacations","from","false","noindex, follow","https://kindredtrips.com/from/iah/family-vacations","false"
"https://kindredtrips.com/from/jfk/family-vacations","from","false","noindex, follow","https://kindredtrips.com/from/jfk/family-vacations","false"
"https://kindredtrips.com/from/mia/family-vacations","from","false","noindex, follow","https://kindredtrips.com/from/mia/family-vacations","false"
"https://kindredtrips.com/from/ord/family-vacations","from","false","noindex, follow","https://kindredtrips.com/from/ord/family-vacations","false"
"https://kindredtrips.com/compare/beaches-turks-and-caicos-vs-beaches-ocho-rios","compare","true","index, follow, max-image-preview:large","https://kindredtrips.com/compare/beaches-turks-and-caicos-vs-beaches-ocho-rios","true"
"https://kindredtrips.com/compare/grand-velas-riviera-maya-vs-hotel-xcaret-mexico","compare","true","index, follow, max-image-preview:large","https://kindredtrips.com/compare/grand-velas-riviera-maya-vs-hotel-xcaret-mexico","true"
"https://kindredtrips.com/compare/hyatt-ziva-cancun-vs-finest-playa-mujeres","compare","true","index, follow, max-image-preview:large","https://kindredtrips.com/compare/hyatt-ziva-cancun-vs-finest-playa-mujeres","true"
"https://kindredtrips.com/compare/moon-palace-cancun-vs-hyatt-ziva-cancun","compare","true","index, follow, max-image-preview:large","https://kindredtrips.com/compare/moon-palace-cancun-vs-hyatt-ziva-cancun","true"
"https://kindredtrips.com/compare/the-royal-at-atlantis-vs-grand-hyatt-baha-mar","compare","true","index, follow, max-image-preview:large","https://kindredtrips.com/compare/the-royal-at-atlantis-vs-grand-hyatt-baha-mar","true"
"https://kindredtrips.com/","home","true","index, follow, max-image-preview:large","https://kindredtrips.com/","true"
"https://kindredtrips.com/about","static","true","index, follow, max-image-preview:large","https://kindredtrips.com/about","true"
"https://kindredtrips.com/contact","static","true","index, follow, max-image-preview:large","https://kindredtrips.com/contact","true"
"https://kindredtrips.com/privacy","static","true","index, follow, max-image-preview:large","https://kindredtrips.com/privacy","true"
